"ID";"Prioridade";"Etapa";"Área";"Problema";"Evidência";"Ação proposta";"Critério de conclusão";"Responsável sugerido"
"AUTH-01";"P0";"0";"Autorização";"Cadastro confirma e-mail sem posse e sessão promove administrador por e-mail";"Código e reprodução isolada, exploração em produção não testada";"Remover promoção automática e exigir identidade verificada com RBAC canônico";"Cadastro público não obtém admin, demissão de papel permanece após login";"Backend e segurança"
"AUTH-02";"P1";"0";"Autorização";"Perfil desativado aceito por requireSession e alguns caminhos de acesso";"Código, reprodução isolada, SQL a confirmar";"Exigir perfil ativo no servidor e RLS, tratar banimento e revogar sessões";"Aluno bloqueado é negado em ação, rota e consulta com token previamente válido";"Backend e banco"
"AUTH-03";"P1";"0";"Server Actions";"Helpers privilegiados aceitam identidade/parâmetros sem autorização própria";"Código e reprodução, exposição HTTP não demonstrada";"Usar server-only nos helpers e gates em ações públicas";"Manifest e ações públicos não permitem gravações arbitrárias";"Backend e segurança"
"AUTH-04";"P1";"2";"Cadastro e login";"Resultado de login ignorado, sincronização de sessão antiga e recuperação sem conclusão";"Código";"Tratar error, substituir sessão coerentemente e implementar definir nova senha";"Erro de senha, recuperação expirada, troca de conta e primeiro acesso funcionam";"Frontend e backend"
"DATA-01";"P0";"0";"Banco e matrícula";"onConflict sem predicado incompatível com índices únicos parciais versionados";"Código e migrações, banco implantado não consultado";"Comparar esquema e criar migração de unicidade/RPC compatível";"Banco limpo e homologação aceitam matrícula repetida idempotente e progresso";"Banco e backend"
"DATA-02";"P0";"0";"Interessados";"RLS de applications sem políticas nas migrações e painel usa cliente navegador";"Código e migrações, políticas reais a confirmar";"Versionar políticas administrativas ou mover operações para ações protegidas";"Administrador opera ficha e aluno não lê respostas de terceiros";"Banco e backend"
"ENR-01";"P0";"2";"Pix";"Pendência parece pagamento confirmado e ordem não é recuperável";"Código";"Persistir ordem e declaração, estados e mensagens verdadeiros";"Recarregar ou trocar dispositivo mantém cobrança e estado, sem confirmação prematura";"Frontend e backend"
"ENR-02";"P0";"2";"Aprovação";"Três aprovações divergentes e principal libera acesso sem registro financeiro";"Código";"Unificar operação atômica, condição de estado, conferência e auditoria";"Aprovar duas vezes não duplica, rejeição guarda motivo e só recebimento conferido fica paid";"Backend e operações"
"ENR-03";"P1";"2";"Cobrança Pix";"TXID igual para cursos diferentes, valor e código copiável ausentes";"Código e reprodução isolada da colisão";"Referência por ordem, valor do servidor, favorecido e Copia e Cola";"Dois cursos geram referências distintas, preço exibido coincide e código pode ser copiado";"Backend e frontend"
"ENR-04";"P1";"2";"Ficha e validação";"Campos/consentimento opcionais, disponibilidade não validada, reenvio regride status";"Código";"Contrato de ficha, aviso/aceite fiel, validação no servidor e transições condicionais";"Payload vazio e curso fechado negados, JSON inválido 400 e matrícula não regride";"Produto, backend e frontend"
"ENR-05";"P1";"2";"Conversão e onboarding";"Interessado sem answers.email não converte e conta manual não recebe primeiro acesso";"Código";"Relacionar perfil por user_id, validar registro canônico e entregar onboarding";"Ficha atual converte para mesma conta, lista atualiza e aluno define senha";"Backend e frontend"
"SITE-01";"P1";"1";"Publicação";"Venda de curso depende de módulo/aula EAD publicados";"Código";"Separar visibilidade, inscrição e liberação pedagógica";"Curso comercial válido abre inscrição sem conteúdo EAD pronto";"Produto e backend"
"SITE-02";"P1";"1";"Oferta";"Preço e parcelas apresentados no formulário não entram no payload";"Código";"Modelo comercial canônico e persistência de campos usados";"Criar, editar, recarregar, exibir e cobrar mantêm valor/modalidade";"Backend e frontend"
"SITE-03";"P1";"1";"Catálogo";"Detalhe deriva da lista de cursos abertos e critérios diferem entre ações";"Código";"Consultas por ID/slug e regras separadas para detalhe, inscrição e aluno";"Curso fechado mantém detalhe e acesso legítimo, nova inscrição é recusada";"Backend e frontend"
"SITE-04";"P2";"1";"Dados e cache";"Resumo de três itens usa cache de lista, posts incompletos e galeria vazia inicial";"Código";"DTOs tipados, chaves por consulta e dados iniciais completos";"Navegar da home para listas não trunca catálogo, modais e galeria recebem dados";"Frontend"
"SITE-05";"P2";"1";"SEO e acessibilidade";"Canonical de outro domínio, contato 404 e main/IDs duplicados";"Código e produção pública";"Base pública por ambiente, contato válido e estrutura sem landmarks duplicados";"Canonical correto, links acessíveis e teclado/foco testados em mobile";"Frontend e conteúdo"
"SITE-06";"P2";"1";"Conteúdo comercial";"Formação pública descreve 400 horas mas mostra duração 40h e data de início passada";"Produção pública";"Revisar dados da oferta e explicar turma/inscrição atual";"Carga, datas e disponibilidade coincidem em detalhe e inscrição";"Responsável acadêmico e conteúdo"
"OPS-01";"P1";"0";"Administração";"Erros Auth/DB ignorados e governança de último administrador incompleta";"Código";"Tratar resultados do SDK, compensações, row count e proteção de papéis";"Falha de Auth não gera sucesso falso nem apaga perfil indevidamente";"Backend"
"OPS-02";"P1";"0";"CI e recuperação";"Build/Jest bloqueados localmente, configuração CI incompleta e restauração Supabase não comprovada";"Logs e workflows";"CI compatível, homologação, migrations limpas e ensaio de restauração banco/Storage";"Build e testes executam, RLS é testada e recuperação é demonstrada";"Infraestrutura e QA"
"OPS-03";"P1";"0";"Dependências";"Audit aponta 23 entradas afetadas, nove altas, com transitivos";"npm audit de produção";"Triagem por advisory e atualização controlada com lockfile";"Riscos de dependências usadas no lançamento mitigados e regressões verificadas";"Infraestrutura e backend"
"OPS-04";"P2";"3";"Configurações";"Google e demais telas compartilham config e podem substituir campos";"Código";"Namespaces separados ou merge autorizado com controle de versão";"Salvar/descartar Google não apaga configuração de contato ou outro editor";"Backend e frontend"
"STR-01";"P1 antes de ativar Stripe";"5";"Stripe";"Checkout Supabase versus webhook Firestore, mapper e versão invoice divergentes";"Código e reprodução isolada do mapper";"Feature flag no lançamento, consolidar eventos/idempotência/reconciliação depois";"Eventos repetidos, fora de ordem, falha, cancelamento e portal de cobrança funcionam em modo teste";"Backend e pagamentos"
"EAD-01";"P1 segurança, corrigir se exposto";"0/4";"Conteúdo privado";"Leitura de aula usa repositório administrativo sem gate e RLS pode permitir rascunho a matriculado";"Código, reprodução isolada e migrações";"Autorização por ação e política uniforme de publicação/matrícula";"Visitante e aluno de outro curso não obtêm blocos, rascunho só staff";"Backend e banco"
"EAD-02";"P1 antes do EAD";"4";"Avaliações";"Supabase raw versus camelCase e envio ainda autentica/escreve em Firebase";"Código";"Contrato e identidade únicos, tentativas UUID, entrega e correção Supabase";"Autosave, envio, lista admin, correção e resultado percorrem mesma tentativa";"Backend e frontend"
"EAD-03";"P1 antes do EAD";"4";"Notas e integridade";"Gabarito no cliente e INSERT permite nota/aprovação sem proteção equivalente a UPDATE";"Código e migrações, inserção real não tentada";"DTO sem gabarito, RLS/trigger de INSERT e correção autoritativa";"Aluno não insere graded/passed nem altera nota e não recebe resposta correta antecipada";"Banco e backend"
"EAD-04";"P1 antes do EAD";"4";"Progresso e certificado";"Regras de currículo divergem, transições concorrentes e emissão sem unicidade user/course";"Código e migrações";"Transação, conjunto elegível único, regras configuradas e emissão idempotente";"Revogação permanece, percentual e certificado concordam e duas emissões não duplicam";"Backend e banco"
"EAD-05";"P2";"4";"Portal complementar";"Datas Firebase residuais, evento em andamento oculto, mídia/CSP e stubs";"Código";"Normalizar datas, janela de evento e validar consumidores/provedores ativos";"Datas, live, mídia, comunidade e recursos disponíveis funcionam no portal";"Frontend e backend"
"ORG-01";"P2";"3";"Git e diretório";"Snapshot .worktrees é gitlink e contém dependências";"Índice Git e inventário";"Preservar trabalho útil, revisar metadados e corrigir entrada em alteração própria";"Clone e inventário não dependem de snapshot inesperado";"Manutenção"
"ORG-02";"P2";"0/3";"Ferramentas";"Ignore scripts inteiro impede clone limpo de conter comandos novos";"git check-ignore e package.json";"Versionar scripts necessários e ignorar só resultados/cache";"Todos os scripts declarados necessários existem num clone limpo";"Manutenção e infraestrutura"
"ORG-03";"P2";"3";"Código não utilizado";"205 candidatos e nove famílias de duplicatas";"Grafo estático e SHA-256, candidatos não são prova definitiva";"Revisar consumidores e remover/consolidar por lotes";"Cada exclusão tem evidência, imports resolvem e rotas ficam preservadas";"Manutenção e QA"
"ORG-04";"P2";"3";"Desempenho e tipos";"Bibliotecas/contratos concorrentes, tipos não estritos e assets grandes";"Inventário e configurações, sem benchmark comparativo";"Tipar fronteiras, medir produção e carregar recursos sob demanda";"Medição antes/depois mostra impacto e strictness avança sem regressão";"Frontend e infraestrutura"
