"ID";"Prioridade";"Etapa";"Área";"Problema";"Evidência";"Ação proposta";"Critério de conclusão";"Responsável sugerido";"Status";"Dependências"
"SEC-01";"P0 até esclarecer revogação";"-1";"Segredos históricos";"Credenciais Supabase/Postgres recuperáveis no histórico do projeto antigo";"Histórico direcionado confirma credenciais no projeto ponhrxfdfbzaronotelp; projeto não aparece na integração atual, ausência não comprova exclusão";"Confirmar projeto antigo, revogar/rotacionar, varrer histórico com saída redigida e coordenar limpeza";"Revogação/exclusão comprovada, dependentes atualizados, sem segredo utilizável no release";"Proprietário e segurança";"Parcial: Scanner redigido do release e histórico alcançável por HEAD, com bloqueio na CI; nenhum achado no escopo verificado. Pendente: Proprietário comprovar revogação/exclusão no provedor; scanner não cobre forks, objetos órfãos, caches ou chaves desconhecidas.";"Independente; antes de publicar alterações"
"SEC-02";"P0 se RPC exposta; verificar imediatamente";"-1";"RPCs privilegiadas";"Três SECURITY DEFINER revogam somente PUBLIC e não verificam identidade interna";"Migrações confirmadas, grants e proprietário reais a consultar";"Consultar privilégios efetivos; revogar anon/authenticated e revisar guarda preservando service role";"Visitante/aluno negados e chamadas autorizadas de servidor funcionam em homologação";"Banco e backend";"Implementado no Supabase; quatro RPCs restritas ao backend; permissões conferidas";"Catálogo Supabase; identidade do servidor"
"OPS-05";"P1; preservação imediata";"-1";"Continuidade";"Workspace modificado difere do Git e deploy não identificado; recuperação/titularidade não documentadas";"Usuário confirmou Vercel e domínio na UOL em 04/10; cópias técnicas sem arquivos de ambiente preservadas no laboratório privado";"Preservar cópia privada, identificar deploy, responsáveis e recuperação das contas";"Release rastreável, trabalho preservado e acessos/backup recuperáveis";"Proprietário e infraestrutura";"Parcial: Fonte preservada em cópia privada sem ambientes; release será rastreável pelo commit publicado. Pendente: Homologação separada, titularidade e ensaio de recuperação de banco/Storage.";"SEC-01 antes de publicar conteúdo"
"AUTH-01";"P0";"0";"Autorização";"Cadastro confirma e-mail sem posse e sessão promove administrador por e-mail";"Código e reprodução isolada, exploração em produção não testada";"Remover promoção automática e exigir identidade verificada com RBAC canônico";"Cadastro público não obtém admin, demissão de papel permanece após login";"Backend e segurança";"Implementado local: promoção por e-mail removida e cadastro público exige confirmação; publicação, SMTP, CAPTCHA e E2E pendentes";"Contenção, catálogo Supabase e homologação"
"DATA-01";"P0";"0";"Banco e matrícula";"onConflict sem predicado incompatível com índices únicos parciais versionados";"Código e migrações, banco implantado não consultado";"Comparar esquema e criar migração de unicidade/RPC compatível";"Banco limpo e homologação aceitam matrícula repetida idempotente e progresso";"Banco e backend";"Implementado no Supabase: dois índices compatíveis com onConflict; jornada completa em homologação pendente";"Contenção, catálogo Supabase e homologação"
"DATA-02";"P0";"0";"Interessados";"RLS de applications sem políticas nas migrações e painel usa cliente navegador";"Bloco 08: permissões/políticas reais conferidas; 55 verificações SQL, 435 testes e build aprovados; duas fichas preservadas";"Versionar políticas administrativas ou mover operações para ações protegidas";"Administrador opera ficha e aluno não lê respostas de terceiros";"Banco e backend";"Implementado local e no Supabase: ações protegidas, políticas de leitura por dono/admin ativo versionadas e gravação do navegador revogada; teste por papel aprovado; publicação e homologação pendentes";"Contenção, catálogo Supabase e homologação"
"AUTH-02";"P1";"0";"Autorização";"Perfil desativado aceito por requireSession e alguns caminhos de acesso";"Código e reprodução; agregado informado 0 não prova negação de acesso";"Exigir perfil ativo no servidor e RLS, tratar banimento e revogar sessões";"Aluno bloqueado é negado em ação, rota e consulta com token previamente válido";"Backend e banco";"Parcial: Migração preparada para invalidar sessões anteriores a mudanças de cargo/bloqueio; testes de sessão e RLS passaram com rollback. Verificação no servidor protegida por flag. Pendente: Autorização para aplicar no Supabase real e habilitar AUTH_SESSION_CHECK_MODE=enforce; migração NÃO aplicada.";"Contenção, catálogo Supabase e homologação"
"AUTH-03";"P1";"0";"Server Actions";"Helpers privilegiados aceitam identidade/parâmetros sem autorização própria";"Código e reprodução, exposição HTTP não demonstrada";"Usar server-only nos helpers e gates em ações públicas";"Manifest e ações públicos não permitem gravações arbitrárias";"Backend e segurança";"Parcial: Removida autenticação Firebase alternativa; leitura privada de certificado exige dono/admin; avaliações exigem publicação e acesso canônico ao curso antes de gravação. Inventário de 129 ações exportadas. Pendente: Homologação autenticada de ponta a ponta e manifest compilado; inventário estático não comprova sozinho autorização completa.";"Contenção, catálogo Supabase e homologação"
"OPS-01";"P1";"0";"Administração";"Erros Auth/DB ignorados e governança de último administrador incompleta";"Código";"Tratar resultados do SDK, compensações, row count e proteção de papéis";"Falha de Auth não gera sucesso falso nem apaga perfil indevidamente";"Backend";"Parcial: Mantidas proteções de concorrência, falhas Auth e configuração CAS dos blocos anteriores; sincronização de sessão agora tem timeout. Pendente: Exercitar falhas e operações administrativas concorrentes no ambiente separado.";"Contenção, catálogo Supabase e homologação"
"OPS-02";"P1";"0";"CI e recuperação";"Build comparativa passou com WASM e fixtures; CI nativa, runners e restauração ainda precisam validação";"Blocos 06–11: migrações e verificações SQL registradas; bloco 11 passou com instalação isolada, build nativa, 465 Jest, 14 scripts, tipos e lint";"CI compatível, homologação, migrations limpas e ensaio de restauração banco/Storage";"Build e testes executam, RLS é testada e recuperação é demonstrada";"Infraestrutura e QA";"Parcial: Lint, scripts, Jest, tipos e build são executados sem .env real; CI recebe scanner e auditoria de produção. Pendente: Confirmar execução Linux/Node 24 no GitHub e recuperação operacional.";"Contenção, catálogo Supabase e homologação"
"OPS-03";"P1";"0";"Dependências";"Audit aponta 23 entradas afetadas, nove altas, com transitivos";"Bloco 11: audit produção 17 entradas/7 altas para 8 moderadas/0 altas; instalação isolada, 465 Jest, 14 scripts, tipos/lint/build e transporte Firestore local aprovados";"Triagem por advisory e atualização controlada com lockfile";"Riscos de dependências usadas no lançamento mitigados e regressões verificadas";"Infraestrutura e backend";"Parcial: uuid atualizado para 11.1.1; sanitizador SSR incorporado; auditoria de produção retorna zero vulnerabilidades. Pendente: Auditoria completa ainda registra 36 entradas altas de ferramentas de desenvolvimento, sem correção automática disponível; revisar advisories e atualizações compatíveis.";"Contenção, catálogo Supabase e homologação"
"SEC-04";"P1";"0";"Sessão";"Handler login aceita origem externa/text/plain em reprodução com token simulado";"Reprodução isolada; exploração HTTP em produção não testada";"Exigir origem confiável, formato JSON e proteção login CSRF sem remover verificação do token";"Origem indevida negada, login legítimo e troca de conta funcionam";"Backend e segurança";"Implementado local: login exige Origin e JSON, logout exige mesma origem e remove cookie de impersonação; publicação e E2E pendentes";"Domínio oficial e identidade canônica"
"SEC-05";"P1";"0";"Abuso de cadastro";"Signup privilegiado contorna garantias públicas; fallback de limite é por instância";"Bloco 08: contador real testado com ROLLBACK e grants conferidos; instâncias simuladas e falhas testadas; ambiente publicado ainda não homologado";"Fluxo de signup verificado e rate limit compartilhado; proteção antiabuso apropriada";"Burst distribuído limitado, confirmação real, falhas não criam sessão indevida";"Backend e infraestrutura";"Parcial: Cadastro ganha limite compartilhado por destino além do limite por IP; mantém negação em falhas do limitador. Pendente: CAPTCHA/Auth nativo e teste distribuído reais.";"AUTH-01 e contrato de ambiente"
"PED-01";"P1 antes de certificado; imediato se exposto";"0/4";"Progresso pedagógico";"Escrita própria permite percent/status sem prova de cumprimento acadêmico";"Políticas/certificado no código; gravação real não executada";"Definir critério acadêmico e transições autoritativas; impedir conclusão indevida pelo cliente";"Manipulação direta não emite certificado; conclusão e presença seguem regra aprovada";"Backend, banco e responsável acadêmico";"Planejado; nenhuma correção aplicada";"RLS real, EAD-04 e política acadêmica"
"SEC-03";"P1 imediato se materiais existentes";"0";"Storage";"Materiais classificados privados enviados ao bucket público; uploads privado com URL pública";"Bloco 07: 32 verificações SQL, 408 testes e build aprovados; buckets/grants/RLS conferidos no projeto atual; arquivos existentes preservados";"Separar buckets por finalidade, URLs assinadas e migrar objetos/referências existentes";"Material restrito nega acesso anônimo, aluno elegível recebe acesso temporário válido";"Backend e banco";"Parcial: Consulta confirma três PDFs históricos ainda públicos. Pendente: Responsável classificar os documentos e consumidores antes de mover/revogar acesso; nenhuma migração cega dos arquivos.";"Inventário de buckets/objetos e regras de matrícula"
"QA-01";"P1 para CI/release";"0";"Testes";"Jest amplo conflita com node:test; testes de RLS não executados; CI nativa a validar";"Bloco 11: snapshot com 465 Jest, 14 scripts e cinco Playwright públicos aprovados; lint/tipos/build nativa aprovados; alterações paralelas posteriores exigem validação consolidada";"Separar runners, preservar testes aprovados e testar políticas em homologação";"CI reproduzível, suíte do release sem falhas e políticas reais verificadas";"QA e infraestrutura";"Parcial: Testes negativos para sessão, avaliação sem matrícula, crédito Pix futuro e HTML malicioso; navegador verifica landmarks e nonce. Pendente: E2E autenticado com papéis, matrícula, comprovante e e-mail em homologação; fixtures não substituem esse teste.";"Ambiente CI compatível e homologação"
"ORG-02";"P1 para reprodução do release";"0/3";"Ferramentas";"Ignore scripts inteiro impede clone limpo de conter comandos novos";"Bloco 10: comandos conferidos, arquivos existentes e allowlist no ignore; lockfile preservado";"Versionar scripts necessários e ignorar só resultados/cache";"Todos os scripts declarados necessários existem num clone limpo";"Manutenção e infraestrutura";"Implementado: scripts revisados admitidos no versionamento e presentes na base limpa publicada; execução GitHub/Node 24 pendente";"Contenção, catálogo Supabase e homologação"
"EAD-01";"P1 segurança, corrigir se exposto";"0/4";"Conteúdo privado";"Leitura de aula usa repositório administrativo sem gate e RLS pode permitir rascunho a matriculado";"Código, reprodução isolada e migrações";"Autorização por ação e política uniforme de publicação/matrícula";"Visitante e aluno de outro curso não obtêm blocos, rascunho só staff";"Backend e banco";"Implementado local e no Supabase para aulas/módulos: sessão e matrícula verificadas, tutor limitado à equipe do curso, rascunhos filtrados no conteúdo e SSR, colunas privadas e gravação do navegador recusadas; 52 verificações SQL aprovadas; publicação/homologação pendentes";"Contenção, catálogo Supabase e homologação"
"AUTH-04";"P1";"1";"Cadastro e login";"Resultado de login ignorado, sincronização de sessão antiga e recuperação sem conclusão";"Código";"Tratar error, substituir sessão coerentemente e implementar definir nova senha";"Erro de senha, recuperação expirada, troca de conta e primeiro acesso funcionam";"Frontend e backend";"Parcial: Autenticação canônica e sincronização limitada por timeout, preservando login/logout e recuperação já protegidos. Pendente: Configurar SMTP e confirmar entrega, recuperação e confirmação em endereços reais.";"Identidade canônica e base segura"
"SITE-01";"P1";"1";"Publicação";"Venda de curso depende de módulo/aula EAD publicados";"Código";"Separar visibilidade, inscrição e liberação pedagógica";"Curso comercial válido abre inscrição sem conteúdo EAD pronto";"Produto e backend";"Implementado local e RPC no Supabase: publicação comercial separada da abertura de inscrições, sem requisito EAD; publicação e E2E pendentes";"Base segura; conteúdo comercial validado"
"SITE-02";"P1";"1";"Oferta";"Preço e parcelas apresentados no formulário não entram no payload";"Código";"Modelo comercial canônico e persistência de campos usados";"Criar, editar, recarregar, exibir e cobrar mantêm valor/modalidade";"Backend e frontend";"Implementado principal: Criar/editar/mapear preserva frequência, data, horário, local, formato, vídeo introdutório, ementa e carga horária inteira em minutos; detalhes existentes são preservados. Removida duração fictícia padrão. Pendente: Correção principal implementada; revisar valores comerciais reais e homologar oferta/inscrição.";"Base segura; conteúdo comercial validado"
"SITE-03";"P1";"1";"Catálogo";"Detalhe deriva da lista de cursos abertos e critérios diferem entre ações";"Código";"Consultas por ID/slug e regras separadas para detalhe, inscrição e aluno";"Curso fechado mantém detalhe e acesso legítimo, nova inscrição é recusada";"Backend e frontend";"Implementado local e RLS no Supabase: detalhe direto por ID/slug e ofertas fechadas publicadas; nova inscrição negada; publicação e E2E pendentes";"Base segura; conteúdo comercial validado"
"PRIV-01";"P1 antes de habilitar analytics";"1";"Consentimento";"GA ativo não demonstrado no site; revogação após carga não validada";"Duas navegações públicas sem requests GA em recusa/aceite";"Testar GA configurado, escolha/revogação e separar finalidades de marketing/contrato";"Sem tracking antes do aceite ou após recusa/revogação; configuração comprovada";"Frontend e privacidade";"Parcial: Mantido consentimento revogável, cookies e sincronização entre abas implementados anteriormente. Pendente: Configurar identificador real e verificar rede após consentimento/revogação no domínio publicado.";"Homologação com ID de analytics apropriado"
"COM-01";"P1 antes de oferta/contratação pertinente";"1";"Oferta e contrato";"Emissor/elegibilidade de pós-graduação, aceite contratual e finalidades de dados precisam validação";"Lacunas de fluxo e segunda opinião; irregularidade institucional não demonstrada";"Validar oferta/emissor, termos versionados, cancelamento e dados necessários por finalidade";"Oferta regular validada pelo responsável, aceite rastreável e reembolso operável";"Responsável acadêmico, jurídico e produto";"Planejado; nenhuma correção aplicada";"Dados institucionais e modalidade comercial"
"SITE-04";"P2";"1";"Dados e cache";"Resumo de três itens usa cache de lista, posts incompletos e galeria vazia inicial";"Código";"DTOs tipados, chaves por consulta e dados iniciais completos";"Navegar da home para listas não trunca catálogo, modais e galeria recebem dados";"Frontend";"Implementado principal: Home mantém preview isolado; modais e calendário consultam lista completa sob demanda. Testes de cache comprovam cinco itens na lista e três no preview. Pendente: Correção principal implementada; homologação visual com catálogo real.";"Base segura; conteúdo comercial validado"
"SITE-05";"P2";"1";"SEO e acessibilidade";"Canonical de outro domínio, contato 404 e main/IDs duplicados";"Código e produção pública";"Base pública por ambiente, contato válido e estrutura sem landmarks duplicados";"Canonical correto, links acessíveis e teclado/foco testados em mobile";"Frontend e conteúdo";"Parcial: Rotas comerciais principais têm um landmark main; modais ganham rótulos, foco inicial/fallback e correção do Tab vindo de fora do diálogo. Tenant fixo elimina derivação por Host. Pendente: Revisão completa de teclado, leitor de tela, mobile e recursos EAD; não se declara conformidade WCAG completa.";"Base segura; conteúdo comercial validado"
"SITE-06";"P2";"1";"Conteúdo comercial";"Formação pública descreve 400 horas mas mostra duração 40h e data de início passada";"Produção pública";"Revisar dados da oferta e explicar turma/inscrição atual";"Carga, datas e disponibilidade coincidem em detalhe e inscrição";"Responsável acadêmico e conteúdo";"Planejado; nenhuma correção aplicada";"Base segura; conteúdo comercial validado"
"OPS-06";"P2; antes de divulgação comercial";"1";"Contato/configuração";"WhatsApp/domínios possuem múltiplas fontes e valores divergentes";"Código e site público";"Adotar configuração única por ambiente; revisar links e resíduos tenant sem consumidores";"Todos os CTAs e metadados apontam para destino oficial validado";"Frontend e conteúdo";"Parcial: Preservado contato@figuraviva.com.br e salvamento autorizado unificado. Pendente: Confirmar caixa postal, telefone/WhatsApp e dados institucionais reais.";"Domínio e contato confirmados"
"ENR-01";"P0";"2";"Pix";"Pendência parece pagamento confirmado e ordem não é recuperável";"Código";"Persistir ordem e declaração, estados e mensagens verdadeiros";"Recarregar ou trocar dispositivo mantém cobrança e estado, sem confirmação prematura";"Frontend e backend";"Implementado local e esquema no Supabase: cobrança persistida, comprovante privado e estado em análise; publicação e E2E pendentes";"Base segura e oferta comercial canônica"
"ENR-02";"P0";"2";"Aprovação";"Três aprovações divergentes e principal libera acesso sem registro financeiro";"Código";"Unificar operação atômica, condição de estado, conferência e auditoria";"Aprovar duas vezes não duplica, rejeição guarda motivo e só recebimento conferido fica paid";"Backend e operações";"Parcial: Aprovação comum bloqueia métodos diferentes de manual/free também na página de aprovações; Pix continua no fluxo transacional próprio. Pendente: Homologar repetição/concorrência, rejeição e exceções financeiras com responsáveis.";"Base segura e oferta comercial canônica"
"ENR-03";"P1";"2";"Cobrança Pix";"TXID igual para cursos diferentes, valor e código copiável ausentes";"Código e reprodução isolada da colisão";"Referência por ordem, valor do servidor, favorecido e Copia e Cola";"Dois cursos geram referências distintas, preço exibido coincide e código pode ser copiado";"Backend e frontend";"Implementado local e esquema no Supabase: TXID exclusivo, valor inicial servidor e Copia e Cola; configuração e teste bancário pendentes";"Base segura e oferta comercial canônica"
"ENR-04";"P1";"2";"Ficha e validação";"Campos/consentimento opcionais, disponibilidade não validada, reenvio regride status";"Código";"Contrato de ficha, aviso/aceite fiel, validação no servidor e transições condicionais";"Payload vazio e curso fechado negados, JSON inválido 400 e matrícula não regride";"Produto, backend e frontend";"Implementado local e RPC no Supabase: campos, aceite explícito, disponibilidade e estado final preservado; RLS versionada e E2E pendentes";"Base segura e oferta comercial canônica"
"ENR-05";"P1";"2";"Conversão e onboarding";"Interessado sem answers.email não converte e conta manual não recebe primeiro acesso";"Código";"Relacionar perfil por user_id, validar registro canônico e entregar onboarding";"Ficha atual converte para mesma conta, lista atualiza e aluno define senha";"Backend e frontend";"Parcial: Mantidos user_id canônico, convite, reenvio de acesso e criação da cobrança pendente. Pendente: SMTP e jornada real do primeiro acesso do aluno.";"Base segura e oferta comercial canônica"
"PIX-01";"P1 para lançamento financeiro";"2";"Conciliação manual";"TXID estático pode faltar no extrato; comprovação não equivale a recebimento; exceções não definidas";"Código e documentação oficial; banco recebedor ainda não validado";"Conferir crédito real por ordem/valor/data/ID bancário; definir terceiros, duplicidade e reembolso";"Pendências reconciliáveis e nenhuma liberação com simples declaração do aluno";"Financeiro e backend";"Parcial: Data do crédito não pode estar no futuro além da tolerância de um minuto; conferência bancária continua obrigatória. Pendente: Informar banco/chave/recebedor, homologar QR/Copia e Cola e decidir reembolso, pagamento parcial/excedente e parcelas seguintes. Não foram inventadas regras financeiras.";"ENR-01/02/03 e validação do banco recebedor"
"OPS-04";"P2";"3";"Configurações";"Google e demais telas compartilham config e podem substituir campos";"Código";"Namespaces separados ou merge autorizado com controle de versão";"Salvar/descartar Google não apaga configuração de contato ou outro editor";"Backend e frontend";"Implementado local: editores Google e contato usam merge autorizado com controle de updated_at e repetição limitada; descartar restaura valores salvos, falha de leitura bloqueia gravação e teste simulado removido; publicação e homologação pendentes";"Release comercial estabilizado"
"ORG-01";"P2";"3";"Git e diretório";"Snapshot .worktrees é gitlink e contém dependências";"Índice Git e inventário";"Preservar trabalho útil, revisar metadados e corrigir entrada em alteração própria";"Clone e inventário não dependem de snapshot inesperado";"Manutenção";"Implementado: .worktrees e .superpowers arquivados fora do projeto, gitlink removido e Git local/remoto com uma única base limpa verificados";"Release comercial estabilizado"
"ORG-03";"P2";"3";"Código não utilizado";"205 candidatos e nove famílias de duplicatas";"Build/types sem 205 passam; 14 suítes regridem; 21 candidatos alcançados por testes";"Reclassificar consumidores e aposentar/remover por lotes, preservando contratos ainda necessários";"Cada exclusão tem evidência, imports resolvem e rotas ficam preservadas";"Manutenção e QA";"Parcial: Reavaliados os 205 candidatos com entradas Next da raiz: 157 ausentes, 48 preservados; nenhum dos 48 alcançável pelo grafo estático considerado. Pendente: Revisão de contratos, testes, assets e consumidores dinâmicos antes de outras exclusões. Ausência de import estático não prova inutilidade.";"Release comercial estabilizado"
"ORG-04";"P2";"3";"Desempenho e tipos";"Bibliotecas/contratos concorrentes, tipos não estritos e assets grandes";"Inventário e configurações, sem benchmark comparativo";"Tipar fronteiras, medir produção e carregar recursos sob demanda";"Medição antes/depois mostra impacto e strictness avança sem regressão";"Frontend e infraestrutura";"Planejado; nenhuma correção aplicada";"Release comercial estabilizado"
"SEO-01";"P2";"3";"HTML e SEO";"SafeHtml sanitiza no cliente e inicia conteúdo vazio no SSR";"Código confirmado";"Renderizar HTML sanitizado no servidor com allowlist segura";"Conteúdo editorial no HTML inicial sem reintroduzir execução de HTML perigoso";"Frontend e segurança";"Planejado; nenhuma correção aplicada";"Contrato editorial e sanitização validada"
"SEC-06";"P2; antecipar ao receber dados editáveis";"3";"JSON-LD/CSP";"JSON-LD não escapa menor que; consumidor atual usa dados literais; CSP permite inline";"Bloco 11: serialização escapa menor que; ensaio SSR/DOM com fechamento de script e HTML malicioso preserva dados sem criar elementos executáveis";"Escapar serialização; planejar nonce/CSP compatível com Next e integrações";"Conteúdo não encerra script e navegação/mídia funcionam com política revisada";"Frontend e segurança";"Parcial: Artigos recebem HTML sanitizado no servidor; CSP com nonce por resposta em /auth, /admin, /portal e /inscricao; object/base/form/frame restritos. Pendente: CSP pública ainda permite inline para integrações; homologar analytics, mídia, Sentry e todas as rotas protegidas.";"Identidade/domínio estabilizados"
"EAD-02";"P1 antes do EAD";"4";"Avaliações";"Supabase raw versus camelCase e envio ainda autentica/escreve em Firebase";"Código";"Contrato e identidade únicos, tentativas UUID, entrega e correção Supabase";"Autosave, envio, lista admin, correção e resultado percorrem mesma tentativa";"Backend e frontend";"Planejado; nenhuma correção aplicada";"Base segura e regras pedagógicas definidas"
"EAD-03";"P1 antes do EAD";"4";"Notas e integridade";"Gabarito no cliente e INSERT permite nota/aprovação sem proteção equivalente a UPDATE";"Código e migrações, inserção real não tentada";"DTO sem gabarito, RLS/trigger de INSERT e correção autoritativa";"Aluno não insere graded/passed nem altera nota e não recebe resposta correta antecipada";"Banco e backend";"Planejado; nenhuma correção aplicada";"Base segura e regras pedagógicas definidas"
"EAD-04";"P1 antes do EAD";"4";"Progresso e certificado";"Regras de currículo divergem, transições concorrentes e emissão sem unicidade user/course";"Código e migrações";"Transação, conjunto elegível único, regras configuradas e emissão idempotente";"Revogação permanece, percentual e certificado concordam e duas emissões não duplicam";"Backend e banco";"Planejado; nenhuma correção aplicada";"Base segura e regras pedagógicas definidas"
"EAD-05";"P2";"4";"Portal complementar";"Datas Firebase residuais, evento em andamento oculto, mídia/CSP e stubs";"Código";"Normalizar datas, janela de evento e validar consumidores/provedores ativos";"Datas, live, mídia, comunidade e recursos disponíveis funcionam no portal";"Frontend e backend";"Planejado; nenhuma correção aplicada";"Base segura e regras pedagógicas definidas"
"STR-01";"P1 antes de ativar Stripe";"5";"Stripe";"Checkout Supabase versus webhook Firestore, mapper e versão invoice divergentes";"Código e reprodução isolada do mapper";"Feature flag no lançamento, consolidar eventos/idempotência/reconciliação depois";"Eventos repetidos, fora de ordem, falha, cancelamento e portal de cobrança funcionam em modo teste";"Backend e pagamentos";"Parcial: Mantida contenção: Stripe desativado por padrão e respostas 503; produção e eventos live recusados. Pendente: Integração financeira canônica posterior ao lançamento Pix manual, conforme prioridade definida.";"Decisão do PSP e ordem comercial estabilizada"
