file;testReachable;originalExists;excludedFromPruned;originalMatchesBaseline;bytes
src/actions/community.ts;true;true;true;true;1832
src/actions/grading.ts;false;true;true;true;10207
src/actions/thought-garden-actions.ts;false;true;true;true;4093
src/actions/thought-river-actions.ts;false;true;true;true;3430
src/app/actions/admin/backfill-progress.ts;false;true;true;true;4327
src/app/actions/admin/dashboard.ts;false;true;true;true;1014
src/app/actions/certificate.ts;false;true;true;true;796
src/app/actions/create-course.ts;false;true;true;true;2109
src/app/portal/course/[courseId]/certificate/PrintButton.tsx;false;true;true;true;707
src/components/admin/analytics/AnalyticsDashboard.tsx;false;true;true;true;13507
src/components/admin/analytics/EngagementChart.tsx;false;true;true;true;2000
src/components/admin/CourseEditorModal.tsx;false;true;true;true;18828
src/components/admin/CreateCourseModal.tsx;false;true;true;true;9807
src/components/admin/grading/GradingDashboard.tsx;false;true;true;true;7308
src/components/admin/MaterialsManager.tsx;false;true;true;true;6491
src/components/assessment/QuizTaker.tsx;false;true;true;true;17834
src/components/certificates/CertificateDebug.tsx;false;true;true;true;5428
src/components/common/FileUploader.tsx;false;true;true;true;4718
src/components/FeelingsTree.tsx;false;true;true;true;15525
src/components/laura/Testimonials.tsx;false;true;true;true;4225
src/components/layout/AppShell.tsx;false;true;true;true;754
src/components/layout/MobileNav.tsx;false;true;true;true;3612
src/components/portal/ActivityChart.tsx;false;true;true;true;2930
src/components/portal/community/NewTopicButton.tsx;false;true;true;true;549
src/components/portal/community/NewTopicModal.tsx;false;true;true;true;3916
src/components/portal/community/PostCard.tsx;false;true;true;true;3349
src/components/portal/events/LiveEventCard.tsx;false;true;true;true;4186
src/components/portal/PrintCertificateButton.tsx;false;true;true;true;483
src/components/portal/PWAInstallBanner.tsx;false;true;true;true;2725
src/components/portal/VideoPlayer.tsx;false;true;true;true;4354
src/components/resources/apps/body-map/components/ProgressIndicator.tsx;false;true;true;true;930
src/components/resources/apps/body-map/components/RegionList.tsx;false;true;true;true;1376
src/components/resources/apps/body-map/components/SensationPicker.tsx;false;true;true;true;1917
src/components/resources/apps/body-map/components/SummaryCard.tsx;false;true;true;true;2535
src/components/resources/apps/body-map/hooks/use-body-map.ts;false;true;true;true;2514
src/components/resources/apps/cartas-gestalticas/CartasGestalticasApp.tsx;false;true;true;true;12068
src/components/resources/apps/cartas-gestalticas/main.tsx;false;true;true;true;563
src/components/resources/apps/casoclinicointerativo/main.tsx;false;true;true;true;231
src/components/resources/apps/diario-aqui-e-agora/DiarioAquiEAgoraApp.tsx;false;true;true;true;3992
src/components/resources/apps/diario-aqui-e-agora/main.tsx;false;true;true;true;231
src/components/resources/apps/duas-cadeiras/DuasCadeirasApp.tsx;false;true;true;true;4136
src/components/resources/apps/duas-cadeiras/main.tsx;false;true;true;true;231
src/components/resources/apps/emotion-tree/components/DiaryHistory.tsx;false;true;true;true;11856
src/components/resources/apps/emotion-tree/components/EmotionWheel.tsx;false;true;true;true;29182
src/components/resources/apps/emotion-tree/components/ExplorationPanel.tsx;false;true;true;true;17800
src/components/resources/apps/emotion-tree/data/emotions.ts;false;true;true;true;47867
src/components/resources/apps/emotion-tree/data/quotes.ts;false;true;true;true;8808
src/components/resources/apps/emotion-tree/lib/server/quote-repository.ts;false;true;true;true;351
src/components/resources/apps/emotion-tree/main.tsx;false;true;true;true;268
src/components/resources/apps/emotion-tree/types.ts;false;true;true;true;916
src/components/resources/apps/emotion-tree/utils/diaryStorage.ts;false;true;true;true;1374
src/components/resources/apps/emotion-tree/utils/svgMath.ts;false;true;true;true;2204
src/components/resources/apps/Escuta-sons-para-awareness/src/App.tsx;false;true;true;true;3581
src/components/resources/apps/Escuta-sons-para-awareness/src/components/AdminCMS.tsx;false;true;true;true;9517
src/components/resources/apps/Escuta-sons-para-awareness/src/components/PortalHeader.tsx;false;true;true;true;4642
src/components/resources/apps/Escuta-sons-para-awareness/src/components/ResourceCatalog.tsx;false;true;true;true;7280
src/components/resources/apps/Escuta-sons-para-awareness/src/components/StudentHistory.tsx;false;true;true;true;12331
src/components/resources/apps/figura-e-fundo/FiguraEFundoApp.tsx;false;true;true;true;2454
src/components/resources/apps/figura-e-fundo/main.tsx;false;true;true;true;231
src/components/resources/apps/fronteiras-de-contato/FronteirasDeContatoApp.tsx;false;true;true;true;4484
src/components/resources/apps/fronteiras-de-contato/main.tsx;false;true;true;true;571
src/components/resources/apps/grounding-54321/components/HistoryModal.tsx;false;true;true;true;6398
src/components/resources/apps/grounding-54321/Grounding54321App.tsx;false;true;true;true;4286
src/components/resources/apps/grounding-54321/main.tsx;false;true;true;true;231
src/components/resources/apps/grounding-54321/utils/telemetry.ts;true;true;true;true;805
src/components/resources/apps/intensidade-agora/components/CircularIndicator.tsx;false;true;true;true;3328
src/components/resources/apps/intensidade-agora/components/CompletionScreen.tsx;false;true;true;true;1846
src/components/resources/apps/intensidade-agora/components/InfoDialog.tsx;false;true;true;true;5238
src/components/resources/apps/intensidade-agora/components/IntensitySlider.tsx;false;true;true;true;3136
src/components/resources/apps/intensidade-agora/components/ObservationForm.tsx;false;true;true;true;2533
src/components/resources/apps/intensidade-agora/components/ParticleField.tsx;false;true;true;true;1096
src/components/resources/apps/intensidade-agora/hooks/use-intensity-canvas.ts;false;true;true;true;7649
src/components/resources/apps/intensidade-agora/hooks/use-local-storage.ts;false;true;true;true;881
src/components/resources/apps/intensidade-agora/types.ts;false;true;true;true;410
src/components/resources/apps/intensidade-agora/utils/particle-colors.ts;false;true;true;true;1529
src/components/resources/apps/jardim-de-pensamentos/src/App.tsx;false;true;true;true;4010
src/components/resources/apps/jardim-de-pensamentos/src/components/interactive-shell/InteractiveResourceShell.tsx;false;true;true;true;3103
src/components/resources/apps/jardim-de-pensamentos/src/components/interactive-shell/ResourceCompletion.tsx;false;true;true;true;3547
src/components/resources/apps/jardim-de-pensamentos/src/components/interactive-shell/ResourceControls.tsx;false;true;true;true;596
src/components/resources/apps/jardim-de-pensamentos/src/components/interactive-shell/ResourceHeader.tsx;false;true;true;true;2100
src/components/resources/apps/jardim-de-pensamentos/src/components/interactive-shell/ResourceStage.tsx;false;true;true;true;1786
src/components/resources/apps/jardim-de-pensamentos/src/features/admin/AdminThoughtGarden.tsx;false;true;true;true;19766
src/components/resources/apps/jardim-de-pensamentos/src/features/interactive-resources/thought-garden/components/BotanicalGardenCanvas.tsx;false;true;true;true;20261
src/components/resources/apps/jardim-de-pensamentos/src/features/interactive-resources/thought-garden/components/GardenBottomBar.tsx;false;true;true;true;15699
src/components/resources/apps/jardim-de-pensamentos/src/features/interactive-resources/thought-garden/components/GardenCompletion.tsx;false;true;true;true;893
src/components/resources/apps/jardim-de-pensamentos/src/features/interactive-resources/thought-garden/components/GardenStage.tsx;false;true;true;true;14679
src/components/resources/apps/jardim-de-pensamentos/src/features/interactive-resources/thought-garden/components/LeafActions.tsx;false;true;true;true;17977
src/components/resources/apps/jardim-de-pensamentos/src/features/interactive-resources/thought-garden/components/SavedThoughtsList.tsx;false;true;true;true;17189
src/components/resources/apps/jardim-de-pensamentos/src/features/interactive-resources/thought-garden/components/ThoughtComposer.tsx;false;true;true;true;6382
src/components/resources/apps/jardim-de-pensamentos/src/features/interactive-resources/thought-garden/components/ThoughtLeaf.tsx;false;true;true;true;8819
src/components/resources/apps/jardim-de-pensamentos/src/features/interactive-resources/thought-garden/reducer.ts;true;true;true;true;8802
src/components/resources/apps/jardim-de-pensamentos/src/features/interactive-resources/thought-garden/repository.ts;true;true;true;true;10479
src/components/resources/apps/jardim-de-pensamentos/src/features/interactive-resources/thought-garden/schema.ts;true;true;true;true;4254
src/components/resources/apps/jardim-de-pensamentos/src/features/interactive-resources/thought-garden/ThoughtGardenExperience.tsx;false;true;true;true;28959
src/components/resources/apps/jardim-de-pensamentos/src/features/interactive-resources/thought-garden/types.ts;true;true;true;true;2193
src/components/resources/apps/jardim-de-pensamentos/src/features/portal/PortalCatalog.tsx;false;true;true;true;12086
src/components/resources/apps/mental-health-quiz/config.ts;false;true;true;true;261
src/components/resources/apps/mental-health-quiz/lib/assessmentEngine.ts;false;true;true;true;2058
src/components/resources/apps/mental-health-quiz/lib/validation/instrumentValidator.ts;false;true;true;true;2539
src/components/resources/apps/mental-health-quiz/MentalHealthQuiz.tsx;true;true;true;true;201
src/components/resources/apps/necessidades-agora/src/App.tsx;false;true;true;true;4663
src/components/resources/apps/necessidades-agora/src/components/portal/PortalHeader.tsx;false;true;true;true;4716
src/components/resources/apps/necessidades-agora/src/components/portal/ResourcesCatalog.tsx;false;true;true;true;6848
src/components/resources/apps/necessidades-agora/src/features/interactive-resources/current-needs/admin/AdminNeedsCatalog.tsx;false;true;true;true;17246
src/components/resources/apps/rios-dos-pensamentos/src/App.tsx;false;true;true;true;9002
src/components/resources/apps/rios-dos-pensamentos/src/features/admin/ThoughtRiverAdmin.tsx;false;true;true;true;11163
src/components/resources/apps/rios-dos-pensamentos/src/features/interactive-resources/InteractiveResourceShell.tsx;false;true;true;true;5712
src/components/resources/apps/rios-dos-pensamentos/src/features/interactive-resources/thought-river/components/ActiveLeavesList.tsx;false;true;true;true;4433
src/components/resources/apps/rios-dos-pensamentos/src/features/interactive-resources/thought-river/components/RiverCanvas.tsx;false;true;true;true;8733
src/components/resources/apps/rios-dos-pensamentos/src/features/interactive-resources/thought-river/components/RiverCompletion.tsx;false;true;true;true;7842
src/components/resources/apps/rios-dos-pensamentos/src/features/interactive-resources/thought-river/components/RiverComposer.tsx;false;true;true;true;6219
src/components/resources/apps/rios-dos-pensamentos/src/features/interactive-resources/thought-river/components/RiverControls.tsx;false;true;true;true;12065
src/components/resources/apps/rios-dos-pensamentos/src/features/interactive-resources/thought-river/engine/audioAmbience.ts;false;true;true;true;3438
src/components/resources/apps/rios-dos-pensamentos/src/features/interactive-resources/thought-river/engine/leafMotion.ts;true;true;true;true;13460
src/components/resources/apps/rios-dos-pensamentos/src/features/interactive-resources/thought-river/engine/riverScene.ts;true;true;true;true;5229
src/components/resources/apps/rios-dos-pensamentos/src/features/interactive-resources/thought-river/engine/riverWebGL.ts;true;true;true;true;16039
src/components/resources/apps/rios-dos-pensamentos/src/features/interactive-resources/thought-river/hooks/useRiverLoop.ts;false;true;true;true;8381
src/components/resources/apps/rios-dos-pensamentos/src/features/interactive-resources/thought-river/repository.ts;true;true;true;true;8741
src/components/resources/apps/rios-dos-pensamentos/src/features/interactive-resources/thought-river/ThoughtRiverExperience.tsx;false;true;true;true;12249
src/components/resources/apps/rios-dos-pensamentos/src/features/portal/ResourcesCatalog.tsx;false;true;true;true;4397
src/components/resources/apps/rios-dos-pensamentos/src/features/portal/StudentHistory.tsx;false;true;true;true;9403
src/components/resources/apps/rios-dos-pensamentos/src/types.ts;true;true;true;true;1919
src/components/resources/apps/rios-dos-pensamentos/ThoughtRiverApp.tsx;false;true;true;true;123
src/components/resources/apps/sala-de-pausa/src/App.tsx;false;true;true;true;5952
src/components/resources/apps/sala-de-pausa/src/features/interactive-resources/pause-room/components/SalaDePausaEditorialGuide.tsx;false;true;true;true;8367
src/components/resources/apps/sala-de-pausa/src/features/interactive-resources/pause-room/components/SalaDePausaHistoryTab.tsx;false;true;true;true;12470
src/components/resources/apps/sala-de-pausa/src/features/interactive-resources/pause-room/components/SalaDePausaSoundLab.tsx;false;true;true;true;8545
src/components/resources/apps/sala-de-pausa/src/features/interactive-resources/pause-room/components/SalaDePausaTopBar.tsx;false;true;true;true;14458
src/components/resources/apps/sala-de-pausa/src/features/interactive-resources/pause-room/SalaDePausaWindow.tsx;false;true;true;true;20545
src/components/resources/apps/sala-de-pausa/src/features/interactive-resources/river-of-thoughts/RiverExperience.tsx;false;true;true;true;10031
src/components/resources/apps/sala-de-pausa/src/features/interactive-resources/river-of-thoughts/RiverStreamEngine.ts;false;true;true;true;6055
src/components/resources/apps/sala-de-pausa/src/features/interactive-resources/river-of-thoughts/RiverTextStage.tsx;false;true;true;true;3341
src/components/resources/apps/sala-de-pausa/src/features/interactive-resources/river-of-thoughts/RiverVisualStage.tsx;false;true;true;true;5614
src/components/resources/apps/sala-de-pausa/src/features/portal/EditorialAdminView.tsx;false;true;true;true;11578
src/components/resources/apps/sala-de-pausa/src/features/portal/PortalHeader.tsx;false;true;true;true;10290
src/components/resources/apps/sala-de-pausa/src/features/portal/ResourceCatalog.tsx;false;true;true;true;7420
src/components/resources/apps/sala-de-pausa/src/features/portal/SqlSchemaModal.tsx;false;true;true;true;6429
src/components/resources/apps/sala-de-pausa/src/features/portal/StudentHistoryView.tsx;false;true;true;true;14529
src/components/resources/apps/soma-scan/index.tsx;false;true;true;true;351
src/components/resources/BreathingApp.jsx;false;true;true;true;15363
src/components/resources/data/emotionsData.ts;false;true;true;true;15704
src/components/resources/services/supabaseService.ts;false;true;true;true;7284
src/components/sections/ExploreSection.tsx;false;true;true;true;3213
src/components/sections/FounderSection.tsx;false;true;true;true;2280
src/components/sections/InstituteSection.tsx;false;true;true;true;13276
src/components/sections/MemoryMiniFooter.tsx;false;true;true;true;3985
src/components/sections/TestimonialsSection.tsx;false;true;true;true;2642
src/components/system/EmptyState.tsx;false;true;true;true;577
src/components/TreeVisualization.jsx;false;true;true;true;20538
src/components/ui/OrganicBackground.tsx;false;true;true;true;2811
src/components/ui/PanelHeader.tsx;false;true;true;true;850
src/components/ui/StatCard.tsx;true;true;true;true;1041
src/components/visual/BackgroundEngine.tsx;false;true;true;true;1641
src/components/visual/FiguraVivaTree.tsx;true;true;true;true;23639
src/components/visual/ParticlesLayer.tsx;false;true;true;true;1459
src/components/visual/RainbowTree.tsx;false;true;true;true;318148
src/contracts/user.contract.ts;false;true;true;true;389
src/features/awareness-tree/components/experience/ExperienceClient.tsx;false;true;true;true;816
src/features/awareness-tree/components/pwa/ServiceWorkerRegistration.tsx;false;true;true;true;785
src/features/interactive-resources/awareness-sounds/audio/assetLoader.ts;false;true;true;true;759
src/features/interactive-resources/awareness-sounds/audio/audioEngine.ts;false;true;true;true;2018
src/features/interactive-resources/pause-room/components/DurationPicker.tsx;false;true;true;true;1015
src/features/interactive-resources/pause-room/components/HubView.tsx;false;true;true;true;4788
src/features/interactive-resources/pause-room/components/index.ts;false;true;true;true;333
src/features/interactive-resources/pause-room/components/PauseChoiceGrid.tsx;false;true;true;true;1944
src/features/interactive-resources/pause-room/components/PauseCompletion.tsx;true;true;true;true;4801
src/features/interactive-resources/pause-room/components/PauseControls.tsx;false;true;true;true;2476
src/features/interactive-resources/pause-room/components/PauseStage.tsx;false;true;true;true;1494
src/features/interactive-resources/pause-room/components/TimerDisplay.tsx;false;true;true;true;2548
src/features/interactive-resources/pause-room/index.ts;false;true;true;true;433
src/features/interactive-resources/pause-room/PauseRoomExperience.tsx;false;true;true;true;16945
src/features/interactive-resources/pause-room/practices/BreathingPractice.tsx;false;true;true;true;3889
src/features/interactive-resources/pause-room/practices/ListeningPractice.tsx;false;true;true;true;2576
src/features/interactive-resources/pause-room/practices/MovementPractice.tsx;false;true;true;true;5937
src/features/interactive-resources/pause-room/practices/ObservingPractice.tsx;false;true;true;true;4650
src/features/interactive-resources/pause-room/practices/SlowingPractice.tsx;false;true;true;true;2353
src/features/interactive-resources/pause-room/repository.ts;true;true;true;true;6965
src/features/interactive-resources/pause-room/types.ts;true;true;true;true;807
src/features/public-site/components/ConsultationCta.tsx;false;true;true;true;1541
src/hooks/use-progress-sync.ts;false;true;true;true;2066
src/hooks/useCache.ts;false;true;true;true;3611
src/hooks/useGamification.ts;false;true;true;true;543
src/hooks/useMediaQuery.ts;false;true;true;true;1645
src/hooks/usePWAInstall.ts;false;true;true;true;1666
src/hooks/useUserSync.ts;false;true;true;true;1020
src/hooks/useViewTransitionRouter.ts;false;true;true;true;489
src/lib/analytics/kpi-service.ts;false;true;true;true;3306
src/lib/analytics.ts;false;true;true;true;452
src/lib/auth-server.ts;false;true;true;true;164
src/lib/certificates/issuer.ts;true;true;true;true;458
src/lib/course-content/course-mirror.ts;false;true;true;true;4140
src/lib/course-content/revision.ts;true;true;true;true;1416
src/lib/errors.ts;false;true;true;true;1874
src/lib/gamification/admin.ts;false;true;true;true;4432
src/lib/progress/progressService.ts;true;true;true;true;10687
src/lib/repositories/enrollmentRepository.server.ts;true;true;true;true;950
src/lib/repositories/userRepository.server.ts;false;true;true;true;358
src/lib/server-feature-flags.ts;false;true;true;true;270
src/services/api.ts;false;true;true;true;1155
src/services/configService.ts;false;true;true;true;859
src/services/interactionService.ts;false;true;true;true;1110
src/services/progressService.ts;false;true;true;true;1725
src/services/whatsappService.ts;false;true;true;true;2514
src/types/community.ts;false;true;true;true;847
src/types/schema.ts;false;true;true;true;736
