"grupo";"arquivo";"comparacao"
"1";"src/components/data/emotionsData.ts";"Conteudo identico por SHA-256; revisar consumidores antes de consolidar"
"1";"src/components/resources/data/emotionsData.ts";"Conteudo identico por SHA-256; revisar consumidores antes de consolidar"
"2";"src/components/resources/apps/casoclinicointerativo/main.tsx";"Conteudo identico por SHA-256; revisar consumidores antes de consolidar"
"2";"src/components/resources/apps/diario-aqui-e-agora/main.tsx";"Conteudo identico por SHA-256; revisar consumidores antes de consolidar"
"2";"src/components/resources/apps/duas-cadeiras/main.tsx";"Conteudo identico por SHA-256; revisar consumidores antes de consolidar"
"2";"src/components/resources/apps/figura-e-fundo/main.tsx";"Conteudo identico por SHA-256; revisar consumidores antes de consolidar"
"2";"src/components/resources/apps/grounding-54321/main.tsx";"Conteudo identico por SHA-256; revisar consumidores antes de consolidar"
"3";"src/components/resources/apps/emotion-tree/hooks/useReducedMotionPreference.ts";"Conteudo identico por SHA-256; revisar consumidores antes de consolidar"
"3";"src/features/awareness-tree/hooks/useReducedMotionPreference.ts";"Conteudo identico por SHA-256; revisar consumidores antes de consolidar"
"4";"src/components/resources/apps/emotion-tree/lib/tree/leafMaterial.ts";"Conteudo identico por SHA-256; revisar consumidores antes de consolidar"
"4";"src/features/awareness-tree/lib/tree/leafMaterial.ts";"Conteudo identico por SHA-256; revisar consumidores antes de consolidar"
"5";"src/components/resources/apps/emotion-tree/lib/utils/storage.ts";"Conteudo identico por SHA-256; revisar consumidores antes de consolidar"
"5";"src/features/awareness-tree/lib/utils/storage.ts";"Conteudo identico por SHA-256; revisar consumidores antes de consolidar"
"6";"src/components/resources/apps/emotion-tree/types/performance.ts";"Conteudo identico por SHA-256; revisar consumidores antes de consolidar"
"6";"src/features/awareness-tree/types/performance.ts";"Conteudo identico por SHA-256; revisar consumidores antes de consolidar"
"7";"src/components/resources/services/audioService.ts";"Conteudo identico por SHA-256; revisar consumidores antes de consolidar"
"7";"src/components/services/audioService.ts";"Conteudo identico por SHA-256; revisar consumidores antes de consolidar"
"8";"src/components/resources/services/supabaseService.ts";"Conteudo identico por SHA-256; revisar consumidores antes de consolidar"
"8";"src/components/services/supabaseService.ts";"Conteudo identico por SHA-256; revisar consumidores antes de consolidar"
"9";"src/components/resources/types/index.ts";"Conteudo identico por SHA-256; revisar consumidores antes de consolidar"
"9";"src/components/types/index.ts";"Conteudo identico por SHA-256; revisar consumidores antes de consolidar"
