"arquivo";"situacao";"revisao_necessaria";"remocao_autorizada"
"src/actions/community.ts";"Candidato sem caminho desde entradas Next no grafo estatico";"Acao antiga: verificar exportacao como Server Action e consumidores externos";"Nao"
"src/actions/grading.ts";"Candidato sem caminho desde entradas Next no grafo estatico";"Acao antiga: verificar exportacao como Server Action e consumidores externos";"Nao"
"src/actions/thought-garden-actions.ts";"Candidato sem caminho desde entradas Next no grafo estatico";"Acao antiga: verificar exportacao como Server Action e consumidores externos";"Nao"
"src/actions/thought-river-actions.ts";"Candidato sem caminho desde entradas Next no grafo estatico";"Acao antiga: verificar exportacao como Server Action e consumidores externos";"Nao"
"src/app/actions/admin/backfill-progress.ts";"Candidato sem caminho desde entradas Next no grafo estatico";"Componente/modulo: verificar imports dinamicos, CSS e uso manual";"Nao"
"src/app/actions/admin/dashboard.ts";"Candidato sem caminho desde entradas Next no grafo estatico";"Componente/modulo: verificar imports dinamicos, CSS e uso manual";"Nao"
"src/app/actions/certificate.ts";"Candidato sem caminho desde entradas Next no grafo estatico";"Componente/modulo: verificar imports dinamicos, CSS e uso manual";"Nao"
"src/app/actions/create-course.ts";"Candidato sem caminho desde entradas Next no grafo estatico";"Componente/modulo: verificar imports dinamicos, CSS e uso manual";"Nao"
"src/app/portal/course/[courseId]/certificate/PrintButton.tsx";"Candidato sem caminho desde entradas Next no grafo estatico";"Componente/modulo: verificar imports dinamicos, CSS e uso manual";"Nao"
"src/components/admin/analytics/AnalyticsDashboard.tsx";"Candidato sem caminho desde entradas Next no grafo estatico";"Componente/modulo: verificar imports dinamicos, CSS e uso manual";"Nao"
"src/components/admin/analytics/EngagementChart.tsx";"Candidato sem caminho desde entradas Next no grafo estatico";"Componente/modulo: verificar imports dinamicos, CSS e uso manual";"Nao"
"src/components/admin/CourseEditorModal.tsx";"Candidato sem caminho desde entradas Next no grafo estatico";"Componente/modulo: verificar imports dinamicos, CSS e uso manual";"Nao"
"src/components/admin/CreateCourseModal.tsx";"Candidato sem caminho desde entradas Next no grafo estatico";"Componente/modulo: verificar imports dinamicos, CSS e uso manual";"Nao"
"src/components/admin/grading/GradingDashboard.tsx";"Candidato sem caminho desde entradas Next no grafo estatico";"Componente/modulo: verificar imports dinamicos, CSS e uso manual";"Nao"
"src/components/admin/MaterialsManager.tsx";"Candidato sem caminho desde entradas Next no grafo estatico";"Componente/modulo: verificar imports dinamicos, CSS e uso manual";"Nao"
"src/components/assessment/QuizTaker.tsx";"Candidato sem caminho desde entradas Next no grafo estatico";"Componente/modulo: verificar imports dinamicos, CSS e uso manual";"Nao"
"src/components/certificates/CertificateDebug.tsx";"Candidato sem caminho desde entradas Next no grafo estatico";"Componente/modulo: verificar imports dinamicos, CSS e uso manual";"Nao"
"src/components/common/FileUploader.tsx";"Candidato sem caminho desde entradas Next no grafo estatico";"Componente/modulo: verificar imports dinamicos, CSS e uso manual";"Nao"
"src/components/FeelingsTree.tsx";"Candidato sem caminho desde entradas Next no grafo estatico";"Componente/modulo: verificar imports dinamicos, CSS e uso manual";"Nao"
"src/components/laura/Testimonials.tsx";"Candidato sem caminho desde entradas Next no grafo estatico";"Componente/modulo: verificar imports dinamicos, CSS e uso manual";"Nao"
"src/components/layout/AppShell.tsx";"Candidato sem caminho desde entradas Next no grafo estatico";"Componente/modulo: verificar imports dinamicos, CSS e uso manual";"Nao"
"src/components/layout/MobileNav.tsx";"Candidato sem caminho desde entradas Next no grafo estatico";"Componente/modulo: verificar imports dinamicos, CSS e uso manual";"Nao"
"src/components/portal/ActivityChart.tsx";"Candidato sem caminho desde entradas Next no grafo estatico";"Componente/modulo: verificar imports dinamicos, CSS e uso manual";"Nao"
"src/components/portal/community/NewTopicButton.tsx";"Candidato sem caminho desde entradas Next no grafo estatico";"Componente/modulo: verificar imports dinamicos, CSS e uso manual";"Nao"
"src/components/portal/community/NewTopicModal.tsx";"Candidato sem caminho desde entradas Next no grafo estatico";"Componente/modulo: verificar imports dinamicos, CSS e uso manual";"Nao"
"src/components/portal/community/PostCard.tsx";"Candidato sem caminho desde entradas Next no grafo estatico";"Componente/modulo: verificar imports dinamicos, CSS e uso manual";"Nao"
"src/components/portal/events/LiveEventCard.tsx";"Candidato sem caminho desde entradas Next no grafo estatico";"Componente/modulo: verificar imports dinamicos, CSS e uso manual";"Nao"
"src/components/portal/PrintCertificateButton.tsx";"Candidato sem caminho desde entradas Next no grafo estatico";"Componente/modulo: verificar imports dinamicos, CSS e uso manual";"Nao"
"src/components/portal/PWAInstallBanner.tsx";"Candidato sem caminho desde entradas Next no grafo estatico";"Componente/modulo: verificar imports dinamicos, CSS e uso manual";"Nao"
"src/components/portal/VideoPlayer.tsx";"Candidato sem caminho desde entradas Next no grafo estatico";"Componente/modulo: verificar imports dinamicos, CSS e uso manual";"Nao"
"src/components/resources/apps/body-map/components/ProgressIndicator.tsx";"Candidato sem caminho desde entradas Next no grafo estatico";"Prototipo/recurso antigo: verificar entrada da funcionalidade atual";"Nao"
"src/components/resources/apps/body-map/components/RegionList.tsx";"Candidato sem caminho desde entradas Next no grafo estatico";"Prototipo/recurso antigo: verificar entrada da funcionalidade atual";"Nao"
"src/components/resources/apps/body-map/components/SensationPicker.tsx";"Candidato sem caminho desde entradas Next no grafo estatico";"Prototipo/recurso antigo: verificar entrada da funcionalidade atual";"Nao"
"src/components/resources/apps/body-map/components/SummaryCard.tsx";"Candidato sem caminho desde entradas Next no grafo estatico";"Prototipo/recurso antigo: verificar entrada da funcionalidade atual";"Nao"
"src/components/resources/apps/body-map/hooks/use-body-map.ts";"Candidato sem caminho desde entradas Next no grafo estatico";"Prototipo/recurso antigo: verificar entrada da funcionalidade atual";"Nao"
"src/components/resources/apps/cartas-gestalticas/CartasGestalticasApp.tsx";"Candidato sem caminho desde entradas Next no grafo estatico";"Prototipo/recurso antigo: verificar entrada da funcionalidade atual";"Nao"
"src/components/resources/apps/cartas-gestalticas/main.tsx";"Candidato sem caminho desde entradas Next no grafo estatico";"Prototipo/recurso antigo: verificar entrada da funcionalidade atual";"Nao"
"src/components/resources/apps/casoclinicointerativo/main.tsx";"Candidato sem caminho desde entradas Next no grafo estatico";"Prototipo/recurso antigo: verificar entrada da funcionalidade atual";"Nao"
"src/components/resources/apps/diario-aqui-e-agora/DiarioAquiEAgoraApp.tsx";"Candidato sem caminho desde entradas Next no grafo estatico";"Prototipo/recurso antigo: verificar entrada da funcionalidade atual";"Nao"
"src/components/resources/apps/diario-aqui-e-agora/main.tsx";"Candidato sem caminho desde entradas Next no grafo estatico";"Prototipo/recurso antigo: verificar entrada da funcionalidade atual";"Nao"
"src/components/resources/apps/duas-cadeiras/DuasCadeirasApp.tsx";"Candidato sem caminho desde entradas Next no grafo estatico";"Prototipo/recurso antigo: verificar entrada da funcionalidade atual";"Nao"
"src/components/resources/apps/duas-cadeiras/main.tsx";"Candidato sem caminho desde entradas Next no grafo estatico";"Prototipo/recurso antigo: verificar entrada da funcionalidade atual";"Nao"
"src/components/resources/apps/emotion-tree/components/DiaryHistory.tsx";"Candidato sem caminho desde entradas Next no grafo estatico";"Prototipo/recurso antigo: verificar entrada da funcionalidade atual";"Nao"
"src/components/resources/apps/emotion-tree/components/EmotionWheel.tsx";"Candidato sem caminho desde entradas Next no grafo estatico";"Prototipo/recurso antigo: verificar entrada da funcionalidade atual";"Nao"
"src/components/resources/apps/emotion-tree/components/ExplorationPanel.tsx";"Candidato sem caminho desde entradas Next no grafo estatico";"Prototipo/recurso antigo: verificar entrada da funcionalidade atual";"Nao"
"src/components/resources/apps/emotion-tree/data/emotions.ts";"Candidato sem caminho desde entradas Next no grafo estatico";"Prototipo/recurso antigo: verificar entrada da funcionalidade atual";"Nao"
"src/components/resources/apps/emotion-tree/data/quotes.ts";"Candidato sem caminho desde entradas Next no grafo estatico";"Prototipo/recurso antigo: verificar entrada da funcionalidade atual";"Nao"
"src/components/resources/apps/emotion-tree/lib/server/quote-repository.ts";"Candidato sem caminho desde entradas Next no grafo estatico";"Prototipo/recurso antigo: verificar entrada da funcionalidade atual";"Nao"
"src/components/resources/apps/emotion-tree/main.tsx";"Candidato sem caminho desde entradas Next no grafo estatico";"Prototipo/recurso antigo: verificar entrada da funcionalidade atual";"Nao"
"src/components/resources/apps/emotion-tree/types.ts";"Candidato sem caminho desde entradas Next no grafo estatico";"Prototipo/recurso antigo: verificar entrada da funcionalidade atual";"Nao"
"src/components/resources/apps/emotion-tree/utils/diaryStorage.ts";"Candidato sem caminho desde entradas Next no grafo estatico";"Prototipo/recurso antigo: verificar entrada da funcionalidade atual";"Nao"
"src/components/resources/apps/emotion-tree/utils/svgMath.ts";"Candidato sem caminho desde entradas Next no grafo estatico";"Prototipo/recurso antigo: verificar entrada da funcionalidade atual";"Nao"
"src/components/resources/apps/Escuta-sons-para-awareness/src/App.tsx";"Candidato sem caminho desde entradas Next no grafo estatico";"Prototipo/recurso antigo: verificar entrada da funcionalidade atual";"Nao"
"src/components/resources/apps/Escuta-sons-para-awareness/src/components/AdminCMS.tsx";"Candidato sem caminho desde entradas Next no grafo estatico";"Prototipo/recurso antigo: verificar entrada da funcionalidade atual";"Nao"
"src/components/resources/apps/Escuta-sons-para-awareness/src/components/PortalHeader.tsx";"Candidato sem caminho desde entradas Next no grafo estatico";"Prototipo/recurso antigo: verificar entrada da funcionalidade atual";"Nao"
"src/components/resources/apps/Escuta-sons-para-awareness/src/components/ResourceCatalog.tsx";"Candidato sem caminho desde entradas Next no grafo estatico";"Prototipo/recurso antigo: verificar entrada da funcionalidade atual";"Nao"
"src/components/resources/apps/Escuta-sons-para-awareness/src/components/StudentHistory.tsx";"Candidato sem caminho desde entradas Next no grafo estatico";"Prototipo/recurso antigo: verificar entrada da funcionalidade atual";"Nao"
"src/components/resources/apps/figura-e-fundo/FiguraEFundoApp.tsx";"Candidato sem caminho desde entradas Next no grafo estatico";"Prototipo/recurso antigo: verificar entrada da funcionalidade atual";"Nao"
"src/components/resources/apps/figura-e-fundo/main.tsx";"Candidato sem caminho desde entradas Next no grafo estatico";"Prototipo/recurso antigo: verificar entrada da funcionalidade atual";"Nao"
"src/components/resources/apps/fronteiras-de-contato/FronteirasDeContatoApp.tsx";"Candidato sem caminho desde entradas Next no grafo estatico";"Prototipo/recurso antigo: verificar entrada da funcionalidade atual";"Nao"
"src/components/resources/apps/fronteiras-de-contato/main.tsx";"Candidato sem caminho desde entradas Next no grafo estatico";"Prototipo/recurso antigo: verificar entrada da funcionalidade atual";"Nao"
"src/components/resources/apps/grounding-54321/components/HistoryModal.tsx";"Candidato sem caminho desde entradas Next no grafo estatico";"Prototipo/recurso antigo: verificar entrada da funcionalidade atual";"Nao"
"src/components/resources/apps/grounding-54321/Grounding54321App.tsx";"Candidato sem caminho desde entradas Next no grafo estatico";"Prototipo/recurso antigo: verificar entrada da funcionalidade atual";"Nao"
"src/components/resources/apps/grounding-54321/main.tsx";"Candidato sem caminho desde entradas Next no grafo estatico";"Prototipo/recurso antigo: verificar entrada da funcionalidade atual";"Nao"
"src/components/resources/apps/grounding-54321/utils/telemetry.ts";"Candidato sem caminho desde entradas Next no grafo estatico";"Prototipo/recurso antigo: verificar entrada da funcionalidade atual";"Nao"
"src/components/resources/apps/intensidade-agora/components/CircularIndicator.tsx";"Candidato sem caminho desde entradas Next no grafo estatico";"Prototipo/recurso antigo: verificar entrada da funcionalidade atual";"Nao"
"src/components/resources/apps/intensidade-agora/components/CompletionScreen.tsx";"Candidato sem caminho desde entradas Next no grafo estatico";"Prototipo/recurso antigo: verificar entrada da funcionalidade atual";"Nao"
"src/components/resources/apps/intensidade-agora/components/InfoDialog.tsx";"Candidato sem caminho desde entradas Next no grafo estatico";"Prototipo/recurso antigo: verificar entrada da funcionalidade atual";"Nao"
"src/components/resources/apps/intensidade-agora/components/IntensitySlider.tsx";"Candidato sem caminho desde entradas Next no grafo estatico";"Prototipo/recurso antigo: verificar entrada da funcionalidade atual";"Nao"
"src/components/resources/apps/intensidade-agora/components/ObservationForm.tsx";"Candidato sem caminho desde entradas Next no grafo estatico";"Prototipo/recurso antigo: verificar entrada da funcionalidade atual";"Nao"
"src/components/resources/apps/intensidade-agora/components/ParticleField.tsx";"Candidato sem caminho desde entradas Next no grafo estatico";"Prototipo/recurso antigo: verificar entrada da funcionalidade atual";"Nao"
"src/components/resources/apps/intensidade-agora/hooks/use-intensity-canvas.ts";"Candidato sem caminho desde entradas Next no grafo estatico";"Prototipo/recurso antigo: verificar entrada da funcionalidade atual";"Nao"
"src/components/resources/apps/intensidade-agora/hooks/use-local-storage.ts";"Candidato sem caminho desde entradas Next no grafo estatico";"Prototipo/recurso antigo: verificar entrada da funcionalidade atual";"Nao"
"src/components/resources/apps/intensidade-agora/types.ts";"Candidato sem caminho desde entradas Next no grafo estatico";"Prototipo/recurso antigo: verificar entrada da funcionalidade atual";"Nao"
"src/components/resources/apps/intensidade-agora/utils/particle-colors.ts";"Candidato sem caminho desde entradas Next no grafo estatico";"Prototipo/recurso antigo: verificar entrada da funcionalidade atual";"Nao"
"src/components/resources/apps/jardim-de-pensamentos/src/App.tsx";"Candidato sem caminho desde entradas Next no grafo estatico";"Prototipo/recurso antigo: verificar entrada da funcionalidade atual";"Nao"
"src/components/resources/apps/jardim-de-pensamentos/src/components/interactive-shell/InteractiveResourceShell.tsx";"Candidato sem caminho desde entradas Next no grafo estatico";"Prototipo/recurso antigo: verificar entrada da funcionalidade atual";"Nao"
"src/components/resources/apps/jardim-de-pensamentos/src/components/interactive-shell/ResourceCompletion.tsx";"Candidato sem caminho desde entradas Next no grafo estatico";"Prototipo/recurso antigo: verificar entrada da funcionalidade atual";"Nao"
"src/components/resources/apps/jardim-de-pensamentos/src/components/interactive-shell/ResourceControls.tsx";"Candidato sem caminho desde entradas Next no grafo estatico";"Prototipo/recurso antigo: verificar entrada da funcionalidade atual";"Nao"
"src/components/resources/apps/jardim-de-pensamentos/src/components/interactive-shell/ResourceHeader.tsx";"Candidato sem caminho desde entradas Next no grafo estatico";"Prototipo/recurso antigo: verificar entrada da funcionalidade atual";"Nao"
"src/components/resources/apps/jardim-de-pensamentos/src/components/interactive-shell/ResourceStage.tsx";"Candidato sem caminho desde entradas Next no grafo estatico";"Prototipo/recurso antigo: verificar entrada da funcionalidade atual";"Nao"
"src/components/resources/apps/jardim-de-pensamentos/src/features/admin/AdminThoughtGarden.tsx";"Candidato sem caminho desde entradas Next no grafo estatico";"Prototipo/recurso antigo: verificar entrada da funcionalidade atual";"Nao"
"src/components/resources/apps/jardim-de-pensamentos/src/features/interactive-resources/thought-garden/components/BotanicalGardenCanvas.tsx";"Candidato sem caminho desde entradas Next no grafo estatico";"Prototipo/recurso antigo: verificar entrada da funcionalidade atual";"Nao"
"src/components/resources/apps/jardim-de-pensamentos/src/features/interactive-resources/thought-garden/components/GardenBottomBar.tsx";"Candidato sem caminho desde entradas Next no grafo estatico";"Prototipo/recurso antigo: verificar entrada da funcionalidade atual";"Nao"
"src/components/resources/apps/jardim-de-pensamentos/src/features/interactive-resources/thought-garden/components/GardenCompletion.tsx";"Candidato sem caminho desde entradas Next no grafo estatico";"Prototipo/recurso antigo: verificar entrada da funcionalidade atual";"Nao"
"src/components/resources/apps/jardim-de-pensamentos/src/features/interactive-resources/thought-garden/components/GardenStage.tsx";"Candidato sem caminho desde entradas Next no grafo estatico";"Prototipo/recurso antigo: verificar entrada da funcionalidade atual";"Nao"
"src/components/resources/apps/jardim-de-pensamentos/src/features/interactive-resources/thought-garden/components/LeafActions.tsx";"Candidato sem caminho desde entradas Next no grafo estatico";"Prototipo/recurso antigo: verificar entrada da funcionalidade atual";"Nao"
"src/components/resources/apps/jardim-de-pensamentos/src/features/interactive-resources/thought-garden/components/SavedThoughtsList.tsx";"Candidato sem caminho desde entradas Next no grafo estatico";"Prototipo/recurso antigo: verificar entrada da funcionalidade atual";"Nao"
"src/components/resources/apps/jardim-de-pensamentos/src/features/interactive-resources/thought-garden/components/ThoughtComposer.tsx";"Candidato sem caminho desde entradas Next no grafo estatico";"Prototipo/recurso antigo: verificar entrada da funcionalidade atual";"Nao"
"src/components/resources/apps/jardim-de-pensamentos/src/features/interactive-resources/thought-garden/components/ThoughtLeaf.tsx";"Candidato sem caminho desde entradas Next no grafo estatico";"Prototipo/recurso antigo: verificar entrada da funcionalidade atual";"Nao"
"src/components/resources/apps/jardim-de-pensamentos/src/features/interactive-resources/thought-garden/reducer.ts";"Candidato sem caminho desde entradas Next no grafo estatico";"Prototipo/recurso antigo: verificar entrada da funcionalidade atual";"Nao"
"src/components/resources/apps/jardim-de-pensamentos/src/features/interactive-resources/thought-garden/repository.ts";"Candidato sem caminho desde entradas Next no grafo estatico";"Prototipo/recurso antigo: verificar entrada da funcionalidade atual";"Nao"
"src/components/resources/apps/jardim-de-pensamentos/src/features/interactive-resources/thought-garden/schema.ts";"Candidato sem caminho desde entradas Next no grafo estatico";"Prototipo/recurso antigo: verificar entrada da funcionalidade atual";"Nao"
"src/components/resources/apps/jardim-de-pensamentos/src/features/interactive-resources/thought-garden/ThoughtGardenExperience.tsx";"Candidato sem caminho desde entradas Next no grafo estatico";"Prototipo/recurso antigo: verificar entrada da funcionalidade atual";"Nao"
"src/components/resources/apps/jardim-de-pensamentos/src/features/interactive-resources/thought-garden/types.ts";"Candidato sem caminho desde entradas Next no grafo estatico";"Prototipo/recurso antigo: verificar entrada da funcionalidade atual";"Nao"
"src/components/resources/apps/jardim-de-pensamentos/src/features/portal/PortalCatalog.tsx";"Candidato sem caminho desde entradas Next no grafo estatico";"Prototipo/recurso antigo: verificar entrada da funcionalidade atual";"Nao"
"src/components/resources/apps/mental-health-quiz/config.ts";"Candidato sem caminho desde entradas Next no grafo estatico";"Prototipo/recurso antigo: verificar entrada da funcionalidade atual";"Nao"
"src/components/resources/apps/mental-health-quiz/lib/assessmentEngine.ts";"Candidato sem caminho desde entradas Next no grafo estatico";"Prototipo/recurso antigo: verificar entrada da funcionalidade atual";"Nao"
"src/components/resources/apps/mental-health-quiz/lib/validation/instrumentValidator.ts";"Candidato sem caminho desde entradas Next no grafo estatico";"Prototipo/recurso antigo: verificar entrada da funcionalidade atual";"Nao"
"src/components/resources/apps/mental-health-quiz/MentalHealthQuiz.tsx";"Candidato sem caminho desde entradas Next no grafo estatico";"Prototipo/recurso antigo: verificar entrada da funcionalidade atual";"Nao"
"src/components/resources/apps/necessidades-agora/src/App.tsx";"Candidato sem caminho desde entradas Next no grafo estatico";"Prototipo/recurso antigo: verificar entrada da funcionalidade atual";"Nao"
"src/components/resources/apps/necessidades-agora/src/components/portal/PortalHeader.tsx";"Candidato sem caminho desde entradas Next no grafo estatico";"Prototipo/recurso antigo: verificar entrada da funcionalidade atual";"Nao"
"src/components/resources/apps/necessidades-agora/src/components/portal/ResourcesCatalog.tsx";"Candidato sem caminho desde entradas Next no grafo estatico";"Prototipo/recurso antigo: verificar entrada da funcionalidade atual";"Nao"
"src/components/resources/apps/necessidades-agora/src/features/interactive-resources/current-needs/admin/AdminNeedsCatalog.tsx";"Candidato sem caminho desde entradas Next no grafo estatico";"Prototipo/recurso antigo: verificar entrada da funcionalidade atual";"Nao"
"src/components/resources/apps/rios-dos-pensamentos/src/App.tsx";"Candidato sem caminho desde entradas Next no grafo estatico";"Prototipo/recurso antigo: verificar entrada da funcionalidade atual";"Nao"
"src/components/resources/apps/rios-dos-pensamentos/src/features/admin/ThoughtRiverAdmin.tsx";"Candidato sem caminho desde entradas Next no grafo estatico";"Prototipo/recurso antigo: verificar entrada da funcionalidade atual";"Nao"
"src/components/resources/apps/rios-dos-pensamentos/src/features/interactive-resources/InteractiveResourceShell.tsx";"Candidato sem caminho desde entradas Next no grafo estatico";"Prototipo/recurso antigo: verificar entrada da funcionalidade atual";"Nao"
"src/components/resources/apps/rios-dos-pensamentos/src/features/interactive-resources/thought-river/components/ActiveLeavesList.tsx";"Candidato sem caminho desde entradas Next no grafo estatico";"Prototipo/recurso antigo: verificar entrada da funcionalidade atual";"Nao"
"src/components/resources/apps/rios-dos-pensamentos/src/features/interactive-resources/thought-river/components/RiverCanvas.tsx";"Candidato sem caminho desde entradas Next no grafo estatico";"Prototipo/recurso antigo: verificar entrada da funcionalidade atual";"Nao"
"src/components/resources/apps/rios-dos-pensamentos/src/features/interactive-resources/thought-river/components/RiverCompletion.tsx";"Candidato sem caminho desde entradas Next no grafo estatico";"Prototipo/recurso antigo: verificar entrada da funcionalidade atual";"Nao"
"src/components/resources/apps/rios-dos-pensamentos/src/features/interactive-resources/thought-river/components/RiverComposer.tsx";"Candidato sem caminho desde entradas Next no grafo estatico";"Prototipo/recurso antigo: verificar entrada da funcionalidade atual";"Nao"
"src/components/resources/apps/rios-dos-pensamentos/src/features/interactive-resources/thought-river/components/RiverControls.tsx";"Candidato sem caminho desde entradas Next no grafo estatico";"Prototipo/recurso antigo: verificar entrada da funcionalidade atual";"Nao"
"src/components/resources/apps/rios-dos-pensamentos/src/features/interactive-resources/thought-river/engine/audioAmbience.ts";"Candidato sem caminho desde entradas Next no grafo estatico";"Prototipo/recurso antigo: verificar entrada da funcionalidade atual";"Nao"
"src/components/resources/apps/rios-dos-pensamentos/src/features/interactive-resources/thought-river/engine/leafMotion.ts";"Candidato sem caminho desde entradas Next no grafo estatico";"Prototipo/recurso antigo: verificar entrada da funcionalidade atual";"Nao"
"src/components/resources/apps/rios-dos-pensamentos/src/features/interactive-resources/thought-river/engine/riverScene.ts";"Candidato sem caminho desde entradas Next no grafo estatico";"Prototipo/recurso antigo: verificar entrada da funcionalidade atual";"Nao"
"src/components/resources/apps/rios-dos-pensamentos/src/features/interactive-resources/thought-river/engine/riverWebGL.ts";"Candidato sem caminho desde entradas Next no grafo estatico";"Prototipo/recurso antigo: verificar entrada da funcionalidade atual";"Nao"
"src/components/resources/apps/rios-dos-pensamentos/src/features/interactive-resources/thought-river/hooks/useRiverLoop.ts";"Candidato sem caminho desde entradas Next no grafo estatico";"Prototipo/recurso antigo: verificar entrada da funcionalidade atual";"Nao"
"src/components/resources/apps/rios-dos-pensamentos/src/features/interactive-resources/thought-river/repository.ts";"Candidato sem caminho desde entradas Next no grafo estatico";"Prototipo/recurso antigo: verificar entrada da funcionalidade atual";"Nao"
"src/components/resources/apps/rios-dos-pensamentos/src/features/interactive-resources/thought-river/ThoughtRiverExperience.tsx";"Candidato sem caminho desde entradas Next no grafo estatico";"Prototipo/recurso antigo: verificar entrada da funcionalidade atual";"Nao"
"src/components/resources/apps/rios-dos-pensamentos/src/features/portal/ResourcesCatalog.tsx";"Candidato sem caminho desde entradas Next no grafo estatico";"Prototipo/recurso antigo: verificar entrada da funcionalidade atual";"Nao"
"src/components/resources/apps/rios-dos-pensamentos/src/features/portal/StudentHistory.tsx";"Candidato sem caminho desde entradas Next no grafo estatico";"Prototipo/recurso antigo: verificar entrada da funcionalidade atual";"Nao"
"src/components/resources/apps/rios-dos-pensamentos/src/types.ts";"Candidato sem caminho desde entradas Next no grafo estatico";"Prototipo/recurso antigo: verificar entrada da funcionalidade atual";"Nao"
"src/components/resources/apps/rios-dos-pensamentos/ThoughtRiverApp.tsx";"Candidato sem caminho desde entradas Next no grafo estatico";"Prototipo/recurso antigo: verificar entrada da funcionalidade atual";"Nao"
"src/components/resources/apps/sala-de-pausa/src/App.tsx";"Candidato sem caminho desde entradas Next no grafo estatico";"Prototipo/recurso antigo: verificar entrada da funcionalidade atual";"Nao"
"src/components/resources/apps/sala-de-pausa/src/features/interactive-resources/pause-room/components/SalaDePausaEditorialGuide.tsx";"Candidato sem caminho desde entradas Next no grafo estatico";"Prototipo/recurso antigo: verificar entrada da funcionalidade atual";"Nao"
"src/components/resources/apps/sala-de-pausa/src/features/interactive-resources/pause-room/components/SalaDePausaHistoryTab.tsx";"Candidato sem caminho desde entradas Next no grafo estatico";"Prototipo/recurso antigo: verificar entrada da funcionalidade atual";"Nao"
"src/components/resources/apps/sala-de-pausa/src/features/interactive-resources/pause-room/components/SalaDePausaSoundLab.tsx";"Candidato sem caminho desde entradas Next no grafo estatico";"Prototipo/recurso antigo: verificar entrada da funcionalidade atual";"Nao"
"src/components/resources/apps/sala-de-pausa/src/features/interactive-resources/pause-room/components/SalaDePausaTopBar.tsx";"Candidato sem caminho desde entradas Next no grafo estatico";"Prototipo/recurso antigo: verificar entrada da funcionalidade atual";"Nao"
"src/components/resources/apps/sala-de-pausa/src/features/interactive-resources/pause-room/SalaDePausaWindow.tsx";"Candidato sem caminho desde entradas Next no grafo estatico";"Prototipo/recurso antigo: verificar entrada da funcionalidade atual";"Nao"
"src/components/resources/apps/sala-de-pausa/src/features/interactive-resources/river-of-thoughts/RiverExperience.tsx";"Candidato sem caminho desde entradas Next no grafo estatico";"Prototipo/recurso antigo: verificar entrada da funcionalidade atual";"Nao"
"src/components/resources/apps/sala-de-pausa/src/features/interactive-resources/river-of-thoughts/RiverStreamEngine.ts";"Candidato sem caminho desde entradas Next no grafo estatico";"Prototipo/recurso antigo: verificar entrada da funcionalidade atual";"Nao"
"src/components/resources/apps/sala-de-pausa/src/features/interactive-resources/river-of-thoughts/RiverTextStage.tsx";"Candidato sem caminho desde entradas Next no grafo estatico";"Prototipo/recurso antigo: verificar entrada da funcionalidade atual";"Nao"
"src/components/resources/apps/sala-de-pausa/src/features/interactive-resources/river-of-thoughts/RiverVisualStage.tsx";"Candidato sem caminho desde entradas Next no grafo estatico";"Prototipo/recurso antigo: verificar entrada da funcionalidade atual";"Nao"
"src/components/resources/apps/sala-de-pausa/src/features/portal/EditorialAdminView.tsx";"Candidato sem caminho desde entradas Next no grafo estatico";"Prototipo/recurso antigo: verificar entrada da funcionalidade atual";"Nao"
"src/components/resources/apps/sala-de-pausa/src/features/portal/PortalHeader.tsx";"Candidato sem caminho desde entradas Next no grafo estatico";"Prototipo/recurso antigo: verificar entrada da funcionalidade atual";"Nao"
"src/components/resources/apps/sala-de-pausa/src/features/portal/ResourceCatalog.tsx";"Candidato sem caminho desde entradas Next no grafo estatico";"Prototipo/recurso antigo: verificar entrada da funcionalidade atual";"Nao"
"src/components/resources/apps/sala-de-pausa/src/features/portal/SqlSchemaModal.tsx";"Candidato sem caminho desde entradas Next no grafo estatico";"Prototipo/recurso antigo: verificar entrada da funcionalidade atual";"Nao"
"src/components/resources/apps/sala-de-pausa/src/features/portal/StudentHistoryView.tsx";"Candidato sem caminho desde entradas Next no grafo estatico";"Prototipo/recurso antigo: verificar entrada da funcionalidade atual";"Nao"
"src/components/resources/apps/soma-scan/index.tsx";"Candidato sem caminho desde entradas Next no grafo estatico";"Prototipo/recurso antigo: verificar entrada da funcionalidade atual";"Nao"
"src/components/resources/BreathingApp.jsx";"Candidato sem caminho desde entradas Next no grafo estatico";"Componente/modulo: verificar imports dinamicos, CSS e uso manual";"Nao"
"src/components/resources/data/emotionsData.ts";"Candidato sem caminho desde entradas Next no grafo estatico";"Componente/modulo: verificar imports dinamicos, CSS e uso manual";"Nao"
"src/components/resources/services/supabaseService.ts";"Candidato sem caminho desde entradas Next no grafo estatico";"Componente/modulo: verificar imports dinamicos, CSS e uso manual";"Nao"
"src/components/sections/ExploreSection.tsx";"Candidato sem caminho desde entradas Next no grafo estatico";"Componente/modulo: verificar imports dinamicos, CSS e uso manual";"Nao"
"src/components/sections/FounderSection.tsx";"Candidato sem caminho desde entradas Next no grafo estatico";"Componente/modulo: verificar imports dinamicos, CSS e uso manual";"Nao"
"src/components/sections/InstituteSection.tsx";"Candidato sem caminho desde entradas Next no grafo estatico";"Componente/modulo: verificar imports dinamicos, CSS e uso manual";"Nao"
"src/components/sections/MemoryMiniFooter.tsx";"Candidato sem caminho desde entradas Next no grafo estatico";"Componente/modulo: verificar imports dinamicos, CSS e uso manual";"Nao"
"src/components/sections/TestimonialsSection.tsx";"Candidato sem caminho desde entradas Next no grafo estatico";"Componente/modulo: verificar imports dinamicos, CSS e uso manual";"Nao"
"src/components/system/EmptyState.tsx";"Candidato sem caminho desde entradas Next no grafo estatico";"Componente/modulo: verificar imports dinamicos, CSS e uso manual";"Nao"
"src/components/TreeVisualization.jsx";"Candidato sem caminho desde entradas Next no grafo estatico";"Componente/modulo: verificar imports dinamicos, CSS e uso manual";"Nao"
"src/components/ui/OrganicBackground.tsx";"Candidato sem caminho desde entradas Next no grafo estatico";"Componente/modulo: verificar imports dinamicos, CSS e uso manual";"Nao"
"src/components/ui/PanelHeader.tsx";"Candidato sem caminho desde entradas Next no grafo estatico";"Componente/modulo: verificar imports dinamicos, CSS e uso manual";"Nao"
"src/components/ui/StatCard.tsx";"Candidato sem caminho desde entradas Next no grafo estatico";"Componente/modulo: verificar imports dinamicos, CSS e uso manual";"Nao"
"src/components/visual/BackgroundEngine.tsx";"Candidato sem caminho desde entradas Next no grafo estatico";"Componente/modulo: verificar imports dinamicos, CSS e uso manual";"Nao"
"src/components/visual/FiguraVivaTree.tsx";"Candidato sem caminho desde entradas Next no grafo estatico";"Componente/modulo: verificar imports dinamicos, CSS e uso manual";"Nao"
"src/components/visual/ParticlesLayer.tsx";"Candidato sem caminho desde entradas Next no grafo estatico";"Componente/modulo: verificar imports dinamicos, CSS e uso manual";"Nao"
"src/components/visual/RainbowTree.tsx";"Candidato sem caminho desde entradas Next no grafo estatico";"Componente/modulo: verificar imports dinamicos, CSS e uso manual";"Nao"
"src/contracts/user.contract.ts";"Candidato sem caminho desde entradas Next no grafo estatico";"Componente/modulo: verificar imports dinamicos, CSS e uso manual";"Nao"
"src/features/awareness-tree/components/experience/ExperienceClient.tsx";"Candidato sem caminho desde entradas Next no grafo estatico";"Componente/modulo: verificar imports dinamicos, CSS e uso manual";"Nao"
"src/features/awareness-tree/components/pwa/ServiceWorkerRegistration.tsx";"Candidato sem caminho desde entradas Next no grafo estatico";"Componente/modulo: verificar imports dinamicos, CSS e uso manual";"Nao"
"src/features/interactive-resources/awareness-sounds/audio/assetLoader.ts";"Candidato sem caminho desde entradas Next no grafo estatico";"Componente/modulo: verificar imports dinamicos, CSS e uso manual";"Nao"
"src/features/interactive-resources/awareness-sounds/audio/audioEngine.ts";"Candidato sem caminho desde entradas Next no grafo estatico";"Componente/modulo: verificar imports dinamicos, CSS e uso manual";"Nao"
"src/features/interactive-resources/pause-room/components/DurationPicker.tsx";"Candidato sem caminho desde entradas Next no grafo estatico";"Comparar com implementacao atual de pausas";"Nao"
"src/features/interactive-resources/pause-room/components/HubView.tsx";"Candidato sem caminho desde entradas Next no grafo estatico";"Comparar com implementacao atual de pausas";"Nao"
"src/features/interactive-resources/pause-room/components/index.ts";"Candidato sem caminho desde entradas Next no grafo estatico";"Comparar com implementacao atual de pausas";"Nao"
"src/features/interactive-resources/pause-room/components/PauseChoiceGrid.tsx";"Candidato sem caminho desde entradas Next no grafo estatico";"Comparar com implementacao atual de pausas";"Nao"
"src/features/interactive-resources/pause-room/components/PauseCompletion.tsx";"Candidato sem caminho desde entradas Next no grafo estatico";"Comparar com implementacao atual de pausas";"Nao"
"src/features/interactive-resources/pause-room/components/PauseControls.tsx";"Candidato sem caminho desde entradas Next no grafo estatico";"Comparar com implementacao atual de pausas";"Nao"
"src/features/interactive-resources/pause-room/components/PauseStage.tsx";"Candidato sem caminho desde entradas Next no grafo estatico";"Comparar com implementacao atual de pausas";"Nao"
"src/features/interactive-resources/pause-room/components/TimerDisplay.tsx";"Candidato sem caminho desde entradas Next no grafo estatico";"Comparar com implementacao atual de pausas";"Nao"
"src/features/interactive-resources/pause-room/index.ts";"Candidato sem caminho desde entradas Next no grafo estatico";"Comparar com implementacao atual de pausas";"Nao"
"src/features/interactive-resources/pause-room/PauseRoomExperience.tsx";"Candidato sem caminho desde entradas Next no grafo estatico";"Comparar com implementacao atual de pausas";"Nao"
"src/features/interactive-resources/pause-room/practices/BreathingPractice.tsx";"Candidato sem caminho desde entradas Next no grafo estatico";"Comparar com implementacao atual de pausas";"Nao"
"src/features/interactive-resources/pause-room/practices/ListeningPractice.tsx";"Candidato sem caminho desde entradas Next no grafo estatico";"Comparar com implementacao atual de pausas";"Nao"
"src/features/interactive-resources/pause-room/practices/MovementPractice.tsx";"Candidato sem caminho desde entradas Next no grafo estatico";"Comparar com implementacao atual de pausas";"Nao"
"src/features/interactive-resources/pause-room/practices/ObservingPractice.tsx";"Candidato sem caminho desde entradas Next no grafo estatico";"Comparar com implementacao atual de pausas";"Nao"
"src/features/interactive-resources/pause-room/practices/SlowingPractice.tsx";"Candidato sem caminho desde entradas Next no grafo estatico";"Comparar com implementacao atual de pausas";"Nao"
"src/features/interactive-resources/pause-room/repository.ts";"Candidato sem caminho desde entradas Next no grafo estatico";"Comparar com implementacao atual de pausas";"Nao"
"src/features/interactive-resources/pause-room/types.ts";"Candidato sem caminho desde entradas Next no grafo estatico";"Comparar com implementacao atual de pausas";"Nao"
"src/features/public-site/components/ConsultationCta.tsx";"Candidato sem caminho desde entradas Next no grafo estatico";"Componente/modulo: verificar imports dinamicos, CSS e uso manual";"Nao"
"src/hooks/use-progress-sync.ts";"Candidato sem caminho desde entradas Next no grafo estatico";"Componente/modulo: verificar imports dinamicos, CSS e uso manual";"Nao"
"src/hooks/useCache.ts";"Candidato sem caminho desde entradas Next no grafo estatico";"Componente/modulo: verificar imports dinamicos, CSS e uso manual";"Nao"
"src/hooks/useGamification.ts";"Candidato sem caminho desde entradas Next no grafo estatico";"Componente/modulo: verificar imports dinamicos, CSS e uso manual";"Nao"
"src/hooks/useMediaQuery.ts";"Candidato sem caminho desde entradas Next no grafo estatico";"Componente/modulo: verificar imports dinamicos, CSS e uso manual";"Nao"
"src/hooks/usePWAInstall.ts";"Candidato sem caminho desde entradas Next no grafo estatico";"Componente/modulo: verificar imports dinamicos, CSS e uso manual";"Nao"
"src/hooks/useUserSync.ts";"Candidato sem caminho desde entradas Next no grafo estatico";"Componente/modulo: verificar imports dinamicos, CSS e uso manual";"Nao"
"src/hooks/useViewTransitionRouter.ts";"Candidato sem caminho desde entradas Next no grafo estatico";"Componente/modulo: verificar imports dinamicos, CSS e uso manual";"Nao"
"src/lib/analytics/kpi-service.ts";"Candidato sem caminho desde entradas Next no grafo estatico";"Servico/repositorio: verificar uso indireto e migracao";"Nao"
"src/lib/analytics.ts";"Candidato sem caminho desde entradas Next no grafo estatico";"Servico/repositorio: verificar uso indireto e migracao";"Nao"
"src/lib/auth-server.ts";"Candidato sem caminho desde entradas Next no grafo estatico";"Servico/repositorio: verificar uso indireto e migracao";"Nao"
"src/lib/certificates/issuer.ts";"Candidato sem caminho desde entradas Next no grafo estatico";"Servico/repositorio: verificar uso indireto e migracao";"Nao"
"src/lib/course-content/course-mirror.ts";"Candidato sem caminho desde entradas Next no grafo estatico";"Servico/repositorio: verificar uso indireto e migracao";"Nao"
"src/lib/course-content/revision.ts";"Candidato sem caminho desde entradas Next no grafo estatico";"Servico/repositorio: verificar uso indireto e migracao";"Nao"
"src/lib/errors.ts";"Candidato sem caminho desde entradas Next no grafo estatico";"Servico/repositorio: verificar uso indireto e migracao";"Nao"
"src/lib/gamification/admin.ts";"Candidato sem caminho desde entradas Next no grafo estatico";"Servico/repositorio: verificar uso indireto e migracao";"Nao"
"src/lib/progress/progressService.ts";"Candidato sem caminho desde entradas Next no grafo estatico";"Servico/repositorio: verificar uso indireto e migracao";"Nao"
"src/lib/repositories/enrollmentRepository.server.ts";"Candidato sem caminho desde entradas Next no grafo estatico";"Servico/repositorio: verificar uso indireto e migracao";"Nao"
"src/lib/repositories/userRepository.server.ts";"Candidato sem caminho desde entradas Next no grafo estatico";"Servico/repositorio: verificar uso indireto e migracao";"Nao"
"src/lib/server-feature-flags.ts";"Candidato sem caminho desde entradas Next no grafo estatico";"Servico/repositorio: verificar uso indireto e migracao";"Nao"
"src/services/api.ts";"Candidato sem caminho desde entradas Next no grafo estatico";"Componente/modulo: verificar imports dinamicos, CSS e uso manual";"Nao"
"src/services/configService.ts";"Candidato sem caminho desde entradas Next no grafo estatico";"Componente/modulo: verificar imports dinamicos, CSS e uso manual";"Nao"
"src/services/interactionService.ts";"Candidato sem caminho desde entradas Next no grafo estatico";"Componente/modulo: verificar imports dinamicos, CSS e uso manual";"Nao"
"src/services/progressService.ts";"Candidato sem caminho desde entradas Next no grafo estatico";"Componente/modulo: verificar imports dinamicos, CSS e uso manual";"Nao"
"src/services/whatsappService.ts";"Candidato sem caminho desde entradas Next no grafo estatico";"Componente/modulo: verificar imports dinamicos, CSS e uso manual";"Nao"
"src/types/community.ts";"Candidato sem caminho desde entradas Next no grafo estatico";"Componente/modulo: verificar imports dinamicos, CSS e uso manual";"Nao"
"src/types/schema.ts";"Candidato sem caminho desde entradas Next no grafo estatico";"Componente/modulo: verificar imports dinamicos, CSS e uso manual";"Nao"
